File,AFSmell,LocationSmell,ConstantsSmell,NestingSmell,LOC,LOAC,LOFC,NOFC_Dup,NOFC_NonDup,NOFL,NONEST,Smelly
D:\Pesquisa\Projects\libtomcrypt-analysis\source\libtomcrypt\demos\constants.c,2.3181818,-0.18181819,2.5,0.0,55,5,15,5,2,2,0,true
D:\Pesquisa\Projects\libtomcrypt-analysis\source\libtomcrypt\demos\sizes.c,2.3181818,-0.18181819,2.5,0.0,55,5,15,5,2,2,0,true
D:\Pesquisa\Projects\libtomcrypt-analysis\source\libtomcrypt\src\pk\asn1\der\general\der_encode_asn1_length.c,2.121212,-2.878788,2.6666667,2.3333333,99,95,294,8,4,3,7,true
D:\Pesquisa\Projects\libtomcrypt-analysis\source\libtomcrypt\src\pk\ecc\ltc_ecc_projective_dbl_point.c,2.0357141,-0.96428573,3.0,0.0,112,108,324,3,3,1,0,true
D:\Pesquisa\Projects\libtomcrypt-analysis\source\libtomcrypt\src\pk\ecc\ltc_ecc_projective_add_point.c,2.0307693,-0.9692308,3.0,0.0,130,126,378,3,3,1,0,true
D:\Pesquisa\Projects\libtomcrypt-analysis\source\libtomcrypt\demos\aesgcm.c,1.5965517,-0.6034483,1.4,0.8,116,14,31,7,5,5,4,true
D:\Pesquisa\Projects\libtomcrypt-analysis\source\libtomcrypt\src\pk\asn1\der\utf8\der_encode_utf8_string.c,0.673913,-1.826087,1.5,1.0,46,42,48,3,2,2,2,true
D:\Pesquisa\Projects\libtomcrypt-analysis\source\libtomcrypt\src\math\rand_prime.c,0.65999997,-1.84,2.0,0.5,50,46,141,4,4,2,1,true
D:\Pesquisa\Projects\libtomcrypt-analysis\source\libtomcrypt\demos\openssl-enc.c,0.61928934,-0.38071066,1.0,0.0,197,15,15,5,5,5,0,true
D:\Pesquisa\Projects\libtomcrypt-analysis\source\libtomcrypt\src\misc\crypt\crypt_prng_rng_descriptor.c,0.57142854,-0.42857143,1.0,0.0,7,3,3,1,1,1,0,true
D:\Pesquisa\Projects\libtomcrypt-analysis\source\libtomcrypt\src\encauth\chachapoly\chacha20poly1305_init.c,0.39999998,-0.6,1.0,0.0,10,6,6,1,1,1,0,true
D:\Pesquisa\Projects\libtomcrypt-analysis\source\libtomcrypt\src\pk\asn1\der\general\der_length_asn1_identifier.c,0.39999998,-0.6,1.0,0.0,10,6,6,1,1,1,0,true
D:\Pesquisa\Projects\libtomcrypt-analysis\source\libtomcrypt\src\pk\asn1\der\general\der_length_asn1_length.c,0.39999998,-0.6,1.0,0.0,10,6,6,1,1,1,0,true
D:\Pesquisa\Projects\libtomcrypt-analysis\source\libtomcrypt\src\pk\ecc\ecc_ansi_x963_export.c,0.39999998,-0.6,1.0,0.0,10,6,6,1,1,1,0,true
D:\Pesquisa\Projects\libtomcrypt-analysis\source\libtomcrypt\src\pk\pkcs1\pkcs_1_os2ip.c,0.39999998,-0.6,1.0,0.0,10,6,6,1,1,1,0,true
D:\Pesquisa\Projects\libtomcrypt-analysis\source\libtomcrypt\tests\store_test.c,0.375,-0.625,1.0,0.0,64,20,20,2,1,2,0,true
D:\Pesquisa\Projects\libtomcrypt-analysis\source\libtomcrypt\src\pk\asn1\der\sequence\der_decode_sequence_ex.c,0.36363637,-0.6363636,1.0,0.0,11,7,7,1,1,1,0,true
D:\Pesquisa\Projects\libtomcrypt-analysis\source\libtomcrypt\src\pk\dh\dh_free.c,0.36363637,-0.6363636,1.0,0.0,11,7,7,1,1,1,0,true
D:\Pesquisa\Projects\libtomcrypt-analysis\source\libtomcrypt\src\pk\ecc\ecc_get_oid_str.c,0.36363637,-0.6363636,1.0,0.0,11,7,7,1,1,1,0,true
D:\Pesquisa\Projects\libtomcrypt-analysis\source\libtomcrypt\src\misc\crypt\crypt_argchk.c,0.3333333,-0.6666667,1.0,0.0,12,8,8,1,1,1,0,true
D:\Pesquisa\Projects\libtomcrypt-analysis\source\libtomcrypt\src\modes\xts\xts_done.c,0.3333333,-0.6666667,1.0,0.0,12,8,8,1,1,1,0,true
D:\Pesquisa\Projects\libtomcrypt-analysis\source\libtomcrypt\src\pk\asn1\der\boolean\der_length_boolean.c,0.3333333,-0.6666667,1.0,0.0,12,8,8,1,1,1,0,true
D:\Pesquisa\Projects\libtomcrypt-analysis\source\libtomcrypt\src\pk\dsa\dsa_free.c,0.3333333,-0.6666667,1.0,0.0,12,8,8,1,1,1,0,true
D:\Pesquisa\Projects\libtomcrypt-analysis\source\libtomcrypt\src\pk\ed25519\ed25519_import_pkcs8.c,0.3333333,-0.6666667,1.0,0.0,12,8,8,1,1,1,0,true
D:\Pesquisa\Projects\libtomcrypt-analysis\source\libtomcrypt\src\pk\x25519\x25519_import_pkcs8.c,0.3333333,-0.6666667,1.0,0.0,12,8,8,1,1,1,0,true
D:\Pesquisa\Projects\libtomcrypt-analysis\source\libtomcrypt\src\stream\chacha\chacha_done.c,0.3333333,-0.6666667,1.0,0.0,12,8,8,1,1,1,0,true
D:\Pesquisa\Projects\libtomcrypt-analysis\source\libtomcrypt\src\stream\salsa20\salsa20_done.c,0.3333333,-0.6666667,1.0,0.0,12,8,8,1,1,1,0,true
D:\Pesquisa\Projects\libtomcrypt-analysis\source\libtomcrypt\src\encauth\eax\eax_addheader.c,0.3076923,-0.6923077,1.0,0.0,13,9,9,1,1,1,0,true
D:\Pesquisa\Projects\libtomcrypt-analysis\source\libtomcrypt\src\modes\ctr\ctr_decrypt.c,0.3076923,-0.6923077,1.0,0.0,13,9,9,1,1,1,0,true
D:\Pesquisa\Projects\libtomcrypt-analysis\source\libtomcrypt\src\modes\f8\f8_decrypt.c,0.3076923,-0.6923077,1.0,0.0,13,9,9,1,1,1,0,true
D:\Pesquisa\Projects\libtomcrypt-analysis\source\libtomcrypt\src\modes\ofb\ofb_decrypt.c,0.3076923,-0.6923077,1.0,0.0,13,9,9,1,1,1,0,true
D:\Pesquisa\Projects\libtomcrypt-analysis\source\libtomcrypt\src\pk\dsa\dsa_make_key.c,0.3076923,-0.6923077,1.0,0.0,13,9,9,1,1,1,0,true
D:\Pesquisa\Projects\libtomcrypt-analysis\source\libtomcrypt\src\pk\ecc\ecc_get_size.c,0.3076923,-0.6923077,1.0,0.0,13,9,9,1,1,1,0,true
D:\Pesquisa\Projects\libtomcrypt-analysis\source\libtomcrypt\src\stream\chacha\chacha_keystream.c,0.3076923,-0.6923077,1.0,0.0,13,9,9,1,1,1,0,true
D:\Pesquisa\Projects\libtomcrypt-analysis\source\libtomcrypt\src\stream\salsa20\salsa20_keystream.c,0.3076923,-0.6923077,1.0,0.0,13,9,9,1,1,1,0,true
D:\Pesquisa\Projects\libtomcrypt-analysis\source\libtomcrypt\src\pk\ed25519\ed25519_export.c,0.28571427,-0.71428573,1.0,0.0,14,10,10,1,1,1,0,true
D:\Pesquisa\Projects\libtomcrypt-analysis\source\libtomcrypt\src\pk\x25519\x25519_export.c,0.28571427,-0.71428573,1.0,0.0,14,10,10,1,1,1,0,true
D:\Pesquisa\Projects\libtomcrypt-analysis\source\libtomcrypt\src\encauth\ocb\ocb_shift_xor.c,0.26666665,-0.73333335,1.0,0.0,15,11,11,1,1,1,0,true
D:\Pesquisa\Projects\libtomcrypt-analysis\source\libtomcrypt\src\pk\ecc\ecc_free.c,0.26666665,-0.73333335,1.0,0.0,15,11,11,1,1,1,0,true
D:\Pesquisa\Projects\libtomcrypt-analysis\source\libtomcrypt\src\encauth\chachapoly\chacha20poly1305_add_aad.c,0.25,-0.75,1.0,0.0,16,12,12,1,1,1,0,true
D:\Pesquisa\Projects\libtomcrypt-analysis\source\libtomcrypt\src\encauth\ocb3\ocb3_int_xor_blocks.c,0.25,-0.75,1.0,0.0,16,12,12,1,1,1,0,true
D:\Pesquisa\Projects\libtomcrypt-analysis\source\libtomcrypt\src\encauth\ocb\ocb_done_encrypt.c,0.25,-0.75,1.0,0.0,16,12,12,1,1,1,0,true
D:\Pesquisa\Projects\libtomcrypt-analysis\source\libtomcrypt\src\mac\hmac\hmac_process.c,0.25,-0.75,1.0,0.0,16,12,12,1,1,1,0,true
D:\Pesquisa\Projects\libtomcrypt-analysis\source\libtomcrypt\src\modes\cbc\cbc_done.c,0.25,-0.75,1.0,0.0,16,12,12,1,1,1,0,true
D:\Pesquisa\Projects\libtomcrypt-analysis\source\libtomcrypt\src\modes\cbc\cbc_setiv.c,0.25,-0.75,1.0,0.0,16,12,12,1,1,1,0,true
D:\Pesquisa\Projects\libtomcrypt-analysis\source\libtomcrypt\src\modes\cfb\cfb_done.c,0.25,-0.75,1.0,0.0,16,12,12,1,1,1,0,true
D:\Pesquisa\Projects\libtomcrypt-analysis\source\libtomcrypt\src\modes\ctr\ctr_done.c,0.25,-0.75,1.0,0.0,16,12,12,1,1,1,0,true
D:\Pesquisa\Projects\libtomcrypt-analysis\source\libtomcrypt\src\modes\ecb\ecb_done.c,0.25,-0.75,1.0,0.0,16,12,12,1,1,1,0,true
D:\Pesquisa\Projects\libtomcrypt-analysis\source\libtomcrypt\src\modes\f8\f8_done.c,0.25,-0.75,1.0,0.0,16,12,12,1,1,1,0,true
D:\Pesquisa\Projects\libtomcrypt-analysis\source\libtomcrypt\src\modes\lrw\lrw_done.c,0.25,-0.75,1.0,0.0,16,12,12,1,1,1,0,true
D:\Pesquisa\Projects\libtomcrypt-analysis\source\libtomcrypt\src\modes\ofb\ofb_done.c,0.25,-0.75,1.0,0.0,16,12,12,1,1,1,0,true
D:\Pesquisa\Projects\libtomcrypt-analysis\source\libtomcrypt\src\pk\dsa\dsa_generate_key.c,0.25,-0.75,1.0,0.0,16,12,12,1,1,1,0,true
D:\Pesquisa\Projects\libtomcrypt-analysis\source\libtomcrypt\src\pk\pkcs1\pkcs_1_i2osp.c,0.25,-0.75,1.0,0.0,16,12,12,1,1,1,0,true
D:\Pesquisa\Projects\libtomcrypt-analysis\source\libtomcrypt\src\pk\rsa\rsa_get_size.c,0.25,-0.75,1.0,0.0,16,12,12,1,1,1,0,true
D:\Pesquisa\Projects\libtomcrypt-analysis\source\libtomcrypt\src\encauth\ccm\ccm_reset.c,0.2352941,-0.7647059,1.0,0.0,17,13,13,1,1,1,0,true
D:\Pesquisa\Projects\libtomcrypt-analysis\source\libtomcrypt\src\encauth\chachapoly\chacha20poly1305_setiv_rfc7905.c,0.2352941,-0.7647059,1.0,0.0,17,13,13,1,1,1,0,true
D:\Pesquisa\Projects\libtomcrypt-analysis\source\libtomcrypt\src\encauth\ocb3\ocb3_int_ntz.c,0.2352941,-0.7647059,1.0,0.0,17,13,13,1,1,1,0,true
D:\Pesquisa\Projects\libtomcrypt-analysis\source\libtomcrypt\src\encauth\ocb\ocb_ntz.c,0.2352941,-0.7647059,1.0,0.0,17,13,13,1,1,1,0,true
D:\Pesquisa\Projects\libtomcrypt-analysis\source\libtomcrypt\src\mac\pmac\pmac_ntz.c,0.2352941,-0.7647059,1.0,0.0,17,13,13,1,1,1,0,true
D:\Pesquisa\Projects\libtomcrypt-analysis\source\libtomcrypt\src\pk\asn1\der\boolean\der_decode_boolean.c,0.2352941,-0.7647059,1.0,0.0,17,13,13,1,1,1,0,true
D:\Pesquisa\Projects\libtomcrypt-analysis\source\libtomcrypt\src\pk\asn1\der\octet\der_length_octet_string.c,0.2352941,-0.7647059,1.0,0.0,17,13,13,1,1,1,0,true
D:\Pesquisa\Projects\libtomcrypt-analysis\source\libtomcrypt\src\pk\asn1\der\utctime\der_length_utctime.c,0.2352941,-0.7647059,1.0,0.0,17,13,13,1,1,1,0,true
D:\Pesquisa\Projects\libtomcrypt-analysis\source\libtomcrypt\src\encauth\eax\eax_decrypt.c,0.22222221,-0.7777778,1.0,0.0,18,14,14,1,1,1,0,true
D:\Pesquisa\Projects\libtomcrypt-analysis\source\libtomcrypt\src\encauth\eax\eax_encrypt.c,0.22222221,-0.7777778,1.0,0.0,18,14,14,1,1,1,0,true
D:\Pesquisa\Projects\libtomcrypt-analysis\source\libtomcrypt\src\encauth\gcm\gcm_reset.c,0.22222221,-0.7777778,1.0,0.0,18,14,14,1,1,1,0,true
D:\Pesquisa\Projects\libtomcrypt-analysis\source\libtomcrypt\src\modes\ecb\ecb_start.c,0.22222221,-0.7777778,1.0,0.0,18,14,14,1,1,1,0,true
D:\Pesquisa\Projects\libtomcrypt-analysis\source\libtomcrypt\src\pk\asn1\der\bit\der_length_bit_string.c,0.22222221,-0.7777778,1.0,0.0,18,14,14,1,1,1,0,true
D:\Pesquisa\Projects\libtomcrypt-analysis\source\libtomcrypt\src\pk\ed25519\ed25519_make_key.c,0.22222221,-0.7777778,1.0,0.0,18,14,14,1,1,1,0,true
D:\Pesquisa\Projects\libtomcrypt-analysis\source\libtomcrypt\src\stream\rc4\rc4_stream_memory.c,0.22222221,-0.7777778,1.0,0.0,18,14,14,1,1,1,0,true
D:\Pesquisa\Projects\libtomcrypt-analysis\source\libtomcrypt\src\stream\salsa20\xsalsa20_memory.c,0.22222221,-0.7777778,1.0,0.0,18,14,14,1,1,1,0,true
D:\Pesquisa\Projects\libtomcrypt-analysis\source\libtomcrypt\src\modes\cbc\cbc_getiv.c,0.21052629,-0.7894737,1.0,0.0,19,15,15,1,1,1,0,true
D:\Pesquisa\Projects\libtomcrypt-analysis\source\libtomcrypt\src\modes\cfb\cfb_getiv.c,0.21052629,-0.7894737,1.0,0.0,19,15,15,1,1,1,0,true
D:\Pesquisa\Projects\libtomcrypt-analysis\source\libtomcrypt\src\modes\ctr\ctr_getiv.c,0.21052629,-0.7894737,1.0,0.0,19,15,15,1,1,1,0,true
D:\Pesquisa\Projects\libtomcrypt-analysis\source\libtomcrypt\src\modes\f8\f8_getiv.c,0.21052629,-0.7894737,1.0,0.0,19,15,15,1,1,1,0,true
D:\Pesquisa\Projects\libtomcrypt-analysis\source\libtomcrypt\src\modes\lrw\lrw_getiv.c,0.21052629,-0.7894737,1.0,0.0,19,15,15,1,1,1,0,true
D:\Pesquisa\Projects\libtomcrypt-analysis\source\libtomcrypt\src\modes\ofb\ofb_getiv.c,0.21052629,-0.7894737,1.0,0.0,19,15,15,1,1,1,0,true
D:\Pesquisa\Projects\libtomcrypt-analysis\source\libtomcrypt\src\modes\xts\xts_mult_x.c,0.21052629,-0.7894737,1.0,0.0,19,15,15,1,1,1,0,true
D:\Pesquisa\Projects\libtomcrypt-analysis\source\libtomcrypt\src\pk\ed25519\ed25519_import.c,0.21052629,-0.7894737,1.0,0.0,19,15,15,1,1,1,0,true
D:\Pesquisa\Projects\libtomcrypt-analysis\source\libtomcrypt\src\pk\x25519\x25519_import.c,0.21052629,-0.7894737,1.0,0.0,19,15,15,1,1,1,0,true
D:\Pesquisa\Projects\libtomcrypt-analysis\source\libtomcrypt\src\stream\chacha\chacha_ivctr32.c,0.21052629,-0.7894737,1.0,0.0,19,15,15,1,1,1,0,true
D:\Pesquisa\Projects\libtomcrypt-analysis\source\libtomcrypt\src\stream\chacha\chacha_ivctr64.c,0.21052629,-0.7894737,1.0,0.0,19,15,15,1,1,1,0,true
D:\Pesquisa\Projects\libtomcrypt-analysis\source\libtomcrypt\src\stream\salsa20\salsa20_ivctr64.c,0.21052629,-0.7894737,1.0,0.0,19,15,15,1,1,1,0,true
D:\Pesquisa\Projects\libtomcrypt-analysis\source\libtomcrypt\src\stream\salsa20\salsa20_memory.c,0.21052629,-0.7894737,1.0,0.0,19,15,15,1,1,1,0,true
D:\Pesquisa\Projects\libtomcrypt-analysis\source\libtomcrypt\tests\common.c,0.20930219,-2.7906978,1.6,1.4,129,72,93,8,3,5,7,true
D:\Pesquisa\Projects\libtomcrypt-analysis\source\libtomcrypt\src\modes\cfb\cfb_setiv.c,0.19999999,-0.8,1.0,0.0,20,16,16,1,1,1,0,true
D:\Pesquisa\Projects\libtomcrypt-analysis\source\libtomcrypt\src\modes\f8\f8_setiv.c,0.19999999,-0.8,1.0,0.0,20,16,16,1,1,1,0,true
D:\Pesquisa\Projects\libtomcrypt-analysis\source\libtomcrypt\src\modes\lrw\lrw_decrypt.c,0.19999999,-0.8,1.0,0.0,20,16,16,1,1,1,0,true
D:\Pesquisa\Projects\libtomcrypt-analysis\source\libtomcrypt\src\modes\lrw\lrw_encrypt.c,0.19999999,-0.8,1.0,0.0,20,16,16,1,1,1,0,true
D:\Pesquisa\Projects\libtomcrypt-analysis\source\libtomcrypt\src\modes\ofb\ofb_setiv.c,0.19999999,-0.8,1.0,0.0,20,16,16,1,1,1,0,true
D:\Pesquisa\Projects\libtomcrypt-analysis\source\libtomcrypt\src\stream\rabbit\rabbit_memory.c,0.19999999,-0.8,1.0,0.0,20,16,16,1,1,1,0,true
D:\Pesquisa\Projects\libtomcrypt-analysis\source\libtomcrypt\src\stream\sober128\sober128_stream_memory.c,0.19999999,-0.8,1.0,0.0,20,16,16,1,1,1,0,true
D:\Pesquisa\Projects\libtomcrypt-analysis\source\libtomcrypt\src\stream\sosemanuk\sosemanuk_memory.c,0.19999999,-0.8,1.0,0.0,20,16,16,1,1,1,0,true
D:\Pesquisa\Projects\libtomcrypt-analysis\source\libtomcrypt\src\math\rand_bn.c,0.19047618,-1.8095238,1.5,0.5,42,38,79,3,3,2,1,true
D:\Pesquisa\Projects\libtomcrypt-analysis\source\libtomcrypt\src\modes\ctr\ctr_setiv.c,0.19047618,-0.8095238,1.0,0.0,21,17,17,1,1,1,0,true
D:\Pesquisa\Projects\libtomcrypt-analysis\source\libtomcrypt\src\pk\asn1\der\boolean\der_encode_boolean.c,0.19047618,-0.8095238,1.0,0.0,21,17,17,1,1,1,0,true
D:\Pesquisa\Projects\libtomcrypt-analysis\source\libtomcrypt\src\pk\rsa\rsa_sign_saltlen_get.c,0.19047618,-0.8095238,1.0,0.0,21,17,17,1,1,1,0,true
D:\Pesquisa\Projects\libtomcrypt-analysis\source\libtomcrypt\demos\hashsum.c,0.19032264,-1.2096773,1.4,0.0,248,30,44,14,11,10,0,true
D:\Pesquisa\Projects\libtomcrypt-analysis\source\libtomcrypt\src\pk\asn1\der\sequence\der_sequence_shrink.c,0.18181819,-0.8181818,1.0,0.0,22,18,18,1,1,1,0,true
D:\Pesquisa\Projects\libtomcrypt-analysis\source\libtomcrypt\src\pk\dh\dh_export_key.c,0.18181819,-0.8181818,1.0,0.0,22,18,18,1,1,1,0,true
D:\Pesquisa\Projects\libtomcrypt-analysis\source\libtomcrypt\src\pk\x25519\x25519_make_key.c,0.18181819,-0.8181818,1.0,0.0,22,18,18,1,1,1,0,true
D:\Pesquisa\Projects\libtomcrypt-analysis\source\libtomcrypt\src\pk\ed25519\ed25519_import_raw.c,0.17391306,-0.82608694,1.0,0.0,23,19,19,1,1,1,0,true
D:\Pesquisa\Projects\libtomcrypt-analysis\source\libtomcrypt\src\pk\x25519\x25519_import_raw.c,0.17391306,-0.82608694,1.0,0.0,23,19,19,1,1,1,0,true
D:\Pesquisa\Projects\libtomcrypt-analysis\source\libtomcrypt\src\pk\x25519\x25519_shared_secret.c,0.17391306,-0.82608694,1.0,0.0,23,19,19,1,1,1,0,true
D:\Pesquisa\Projects\libtomcrypt-analysis\source\libtomcrypt\src\encauth\chachapoly\chacha20poly1305_done.c,0.16666669,-0.8333333,1.0,0.0,24,20,20,1,1,1,0,true
D:\Pesquisa\Projects\libtomcrypt-analysis\source\libtomcrypt\src\encauth\chachapoly\chacha20poly1305_encrypt.c,0.16666669,-0.8333333,1.0,0.0,24,20,20,1,1,1,0,true
D:\Pesquisa\Projects\libtomcrypt-analysis\source\libtomcrypt\src\modes\ofb\ofb_start.c,0.16666669,-0.8333333,1.0,0.0,24,20,20,1,1,1,0,true
D:\Pesquisa\Projects\libtomcrypt-analysis\source\libtomcrypt\src\stream\chacha\chacha_memory.c,0.16666669,-0.8333333,1.0,0.0,24,20,20,1,1,1,0,true
D:\Pesquisa\Projects\libtomcrypt-analysis\source\libtomcrypt\src\encauth\chachapoly\chacha20poly1305_decrypt.c,0.16000003,-0.84,1.0,0.0,25,21,21,1,1,1,0,true
D:\Pesquisa\Projects\libtomcrypt-analysis\source\libtomcrypt\src\pk\ecc\ecc_sizes.c,0.16000003,-0.84,1.0,0.0,25,21,21,1,1,1,0,true
D:\Pesquisa\Projects\libtomcrypt-analysis\source\libtomcrypt\src\hashes\helper\hash_file.c,0.15384614,-0.84615386,1.0,0.0,26,22,22,1,1,1,0,true
D:\Pesquisa\Projects\libtomcrypt-analysis\source\libtomcrypt\src\modes\cbc\cbc_start.c,0.15384614,-0.84615386,1.0,0.0,26,22,22,1,1,1,0,true
D:\Pesquisa\Projects\libtomcrypt-analysis\source\libtomcrypt\src\modes\cfb\cfb_start.c,0.14814812,-0.8518519,1.0,0.0,27,23,23,1,1,1,0,true
D:\Pesquisa\Projects\libtomcrypt-analysis\source\libtomcrypt\src\pk\asn1\oid\pk_oid_cmp.c,0.14814812,-0.8518519,1.0,0.0,27,23,23,1,1,1,0,true
D:\Pesquisa\Projects\libtomcrypt-analysis\source\libtomcrypt\src\pk\dh\dh_set_pg_dhparam.c,0.14814812,-0.8518519,1.0,0.0,27,23,23,1,1,1,0,true
D:\Pesquisa\Projects\libtomcrypt-analysis\source\libtomcrypt\src\pk\ecc\ecc_ansi_x963_import.c,0.14814812,-0.8518519,1.0,0.0,27,23,23,1,1,1,0,true
D:\Pesquisa\Projects\libtomcrypt-analysis\source\libtomcrypt\src\pk\ed25519\ed25519_import_x509.c,0.14814812,-0.8518519,1.0,0.0,27,23,23,1,1,1,0,true
D:\Pesquisa\Projects\libtomcrypt-analysis\source\libtomcrypt\src\pk\x25519\x25519_import_x509.c,0.14814812,-0.8518519,1.0,0.0,27,23,23,1,1,1,0,true
D:\Pesquisa\Projects\libtomcrypt-analysis\source\libtomcrypt\src\mac\blake2\blake2bmac.c,0.14285713,-0.85714287,1.0,0.0,28,24,24,1,1,1,0,true
D:\Pesquisa\Projects\libtomcrypt-analysis\source\libtomcrypt\src\mac\blake2\blake2smac.c,0.14285713,-0.85714287,1.0,0.0,28,24,24,1,1,1,0,true
D:\Pesquisa\Projects\libtomcrypt-analysis\source\libtomcrypt\src\mac\pelican\pelican_memory.c,0.14285713,-0.85714287,1.0,0.0,28,24,24,1,1,1,0,true
D:\Pesquisa\Projects\libtomcrypt-analysis\source\libtomcrypt\src\modes\xts\xts_init.c,0.14285713,-0.85714287,1.0,0.0,28,24,24,1,1,1,0,true
D:\Pesquisa\Projects\libtomcrypt-analysis\source\libtomcrypt\src\pk\asn1\der\generalizedtime\der_length_generalizedtime.c,0.13793105,-0.86206895,1.0,0.0,29,25,25,1,1,1,0,true
D:\Pesquisa\Projects\libtomcrypt-analysis\source\libtomcrypt\src\pk\asn1\der\short_integer\der_decode_short_integer.c,0.13793105,-0.86206895,1.0,0.0,29,25,25,1,1,1,0,true
D:\Pesquisa\Projects\libtomcrypt-analysis\source\libtomcrypt\src\pk\asn1\der\short_integer\der_length_short_integer.c,0.13793105,-0.86206895,1.0,0.0,29,25,25,1,1,1,0,true
D:\Pesquisa\Projects\libtomcrypt-analysis\source\libtomcrypt\src\modes\ofb\ofb_encrypt.c,0.13333333,-0.8666667,1.0,0.0,30,26,26,1,1,1,0,true
D:\Pesquisa\Projects\libtomcrypt-analysis\source\libtomcrypt\src\pk\asn1\oid\pk_get_oid.c,0.13333333,-0.8666667,1.0,0.0,30,26,26,1,1,1,0,true
D:\Pesquisa\Projects\libtomcrypt-analysis\source\libtomcrypt\src\pk\asn1\x509\x509_encode_subject_public_key_info.c,0.13333333,-0.8666667,1.0,0.0,30,26,26,1,1,1,0,true
D:\Pesquisa\Projects\libtomcrypt-analysis\source\libtomcrypt\src\modes\ecb\ecb_decrypt.c,0.12903225,-0.87096775,1.0,0.0,31,27,27,1,1,1,0,true
D:\Pesquisa\Projects\libtomcrypt-analysis\source\libtomcrypt\src\modes\ecb\ecb_encrypt.c,0.12903225,-0.87096775,1.0,0.0,31,27,27,1,1,1,0,true
D:\Pesquisa\Projects\libtomcrypt-analysis\source\libtomcrypt\src\pk\asn1\der\integer\der_length_integer.c,0.12903225,-0.87096775,1.0,0.0,31,27,27,1,1,1,0,true
D:\Pesquisa\Projects\libtomcrypt-analysis\source\libtomcrypt\src\pk\asn1\der\sequence\der_sequence_free.c,0.125,-0.875,1.0,0.0,32,28,28,1,1,1,0,true
D:\Pesquisa\Projects\libtomcrypt-analysis\source\libtomcrypt\src\pk\rsa\rsa_import_x509.c,0.125,-0.875,1.0,0.0,32,28,28,1,1,1,0,true
D:\Pesquisa\Projects\libtomcrypt-analysis\source\libtomcrypt\src\modes\cfb\cfb_encrypt.c,0.121212125,-0.8787879,1.0,0.0,33,29,29,1,1,1,0,true
D:\Pesquisa\Projects\libtomcrypt-analysis\source\libtomcrypt\src\pk\ecc\ltc_ecc_is_point_at_infinity.c,0.121212125,-0.8787879,1.0,0.0,33,29,29,1,1,1,0,true
D:\Pesquisa\Projects\libtomcrypt-analysis\source\libtomcrypt\src\mac\f9\f9_memory.c,0.11764705,-0.88235295,1.0,0.0,34,30,30,1,1,1,0,true
D:\Pesquisa\Projects\libtomcrypt-analysis\source\libtomcrypt\src\mac\xcbc\xcbc_memory.c,0.11764705,-0.88235295,1.0,0.0,34,30,30,1,1,1,0,true
D:\Pesquisa\Projects\libtomcrypt-analysis\source\libtomcrypt\src\modes\cfb\cfb_decrypt.c,0.11764705,-0.88235295,1.0,0.0,34,30,30,1,1,1,0,true
D:\Pesquisa\Projects\libtomcrypt-analysis\source\libtomcrypt\src\pk\asn1\der\ia5\der_encode_ia5_string.c,0.11764705,-0.88235295,1.0,0.0,34,30,30,1,1,1,0,true
D:\Pesquisa\Projects\libtomcrypt-analysis\source\libtomcrypt\src\pk\asn1\der\octet\der_encode_octet_string.c,0.11764705,-0.88235295,1.0,0.0,34,30,30,1,1,1,0,true
D:\Pesquisa\Projects\libtomcrypt-analysis\source\libtomcrypt\src\pk\asn1\der\printable_string\der_encode_printable_string.c,0.11764705,-0.88235295,1.0,0.0,34,30,30,1,1,1,0,true
D:\Pesquisa\Projects\libtomcrypt-analysis\source\libtomcrypt\src\pk\ecc\ecc_get_key.c,0.11764705,-0.88235295,1.0,0.0,34,30,30,1,1,1,0,true
D:\Pesquisa\Projects\libtomcrypt-analysis\source\libtomcrypt\src\encauth\ccm\ccm_done.c,0.11428571,-0.8857143,1.0,0.0,35,31,31,1,1,1,0,true
D:\Pesquisa\Projects\libtomcrypt-analysis\source\libtomcrypt\src\encauth\chachapoly\chacha20poly1305_setiv.c,0.11428571,-0.8857143,1.0,0.0,35,31,31,1,1,1,0,true
D:\Pesquisa\Projects\libtomcrypt-analysis\source\libtomcrypt\src\pk\dsa\dsa_set_pqg_dsaparam.c,0.11428571,-0.8857143,1.0,0.0,35,31,31,1,1,1,0,true
D:\Pesquisa\Projects\libtomcrypt-analysis\source\libtomcrypt\src\pk\ecc\ltc_ecc_map.c,0.11428571,-0.8857143,1.0,0.0,35,31,31,1,1,1,0,true
D:\Pesquisa\Projects\libtomcrypt-analysis\source\libtomcrypt\src\encauth\ccm\ccm_add_aad.c,0.111111104,-0.8888889,1.0,0.0,36,32,32,1,1,1,0,true
D:\Pesquisa\Projects\libtomcrypt-analysis\source\libtomcrypt\src\pk\dh\dh_export.c,0.111111104,-0.8888889,1.0,0.0,36,32,32,1,1,1,0,true
D:\Pesquisa\Projects\libtomcrypt-analysis\source\libtomcrypt\src\pk\ecc\ltc_ecc_is_point.c,0.1081081,-0.8918919,1.0,0.0,37,33,33,1,1,1,0,true
D:\Pesquisa\Projects\libtomcrypt-analysis\source\libtomcrypt\src\stream\chacha\chacha_setup.c,0.1081081,-0.8918919,1.0,0.0,37,33,33,1,1,1,0,true
D:\Pesquisa\Projects\libtomcrypt-analysis\source\libtomcrypt\src\pk\dsa\dsa_shared_secret.c,0.10526317,-0.8947368,1.0,0.0,38,34,34,1,1,1,0,true
D:\Pesquisa\Projects\libtomcrypt-analysis\source\libtomcrypt\src\pk\ecc\ecc_export.c,0.10526317,-0.8947368,1.0,0.0,38,34,34,1,1,1,0,true
D:\Pesquisa\Projects\libtomcrypt-analysis\source\libtomcrypt\src\stream\salsa20\salsa20_setup.c,0.10526317,-0.8947368,1.0,0.0,38,34,34,1,1,1,0,true
D:\Pesquisa\Projects\libtomcrypt-analysis\source\libtomcrypt\src\encauth\ccm\ccm_init.c,0.1025641,-0.8974359,1.0,0.0,39,35,35,1,1,1,0,true
D:\Pesquisa\Projects\libtomcrypt-analysis\source\libtomcrypt\src\misc\base16\base16_encode.c,0.1025641,-0.8974359,1.0,0.0,39,35,35,1,1,1,0,true
D:\Pesquisa\Projects\libtomcrypt-analysis\source\libtomcrypt\src\pk\asn1\der\octet\der_decode_octet_string.c,0.1025641,-0.8974359,1.0,0.0,39,35,35,1,1,1,0,true
D:\Pesquisa\Projects\libtomcrypt-analysis\source\libtomcrypt\src\pk\asn1\der\set\der_encode_set.c,0.1025641,-0.8974359,1.0,0.0,39,35,35,1,1,1,0,true
D:\Pesquisa\Projects\libtomcrypt-analysis\source\libtomcrypt\src\misc\base16\base16_decode.c,0.100000024,-0.9,1.0,0.0,40,36,36,1,1,1,0,true
D:\Pesquisa\Projects\libtomcrypt-analysis\source\libtomcrypt\src\pk\asn1\der\general\der_decode_asn1_length.c,0.100000024,-0.9,1.0,0.0,40,36,36,1,1,1,0,true
D:\Pesquisa\Projects\libtomcrypt-analysis\source\libtomcrypt\src\pk\asn1\der\integer\der_decode_integer.c,0.100000024,-0.9,1.0,0.0,40,36,36,1,1,1,0,true
D:\Pesquisa\Projects\libtomcrypt-analysis\source\libtomcrypt\src\pk\dh\dh_check_pubkey.c,0.100000024,-0.9,1.0,0.0,40,36,36,1,1,1,0,true
D:\Pesquisa\Projects\libtomcrypt-analysis\source\libtomcrypt\src\pk\ecc\ecc_make_key.c,0.100000024,-0.9,1.0,0.0,40,36,36,1,1,1,0,true
D:\Pesquisa\Projects\libtomcrypt-analysis\source\libtomcrypt\src\pk\ecc\ltc_ecc_verify_key.c,0.100000024,-0.9,1.0,0.0,40,36,36,1,1,1,0,true
D:\Pesquisa\Projects\libtomcrypt-analysis\source\libtomcrypt\src\pk\ecc\ecc_shared_secret.c,0.097561,-0.902439,1.0,0.0,41,37,37,1,1,1,0,true
D:\Pesquisa\Projects\libtomcrypt-analysis\source\libtomcrypt\src\pk\ecc\ltc_ecc_export_point.c,0.097561,-0.902439,1.0,0.0,41,37,37,1,1,1,0,true
D:\Pesquisa\Projects\libtomcrypt-analysis\source\libtomcrypt\tests\base16_test.c,0.097561,-0.902439,1.0,0.0,41,37,37,1,1,1,0,true
D:\Pesquisa\Projects\libtomcrypt-analysis\source\libtomcrypt\src\pk\asn1\der\utctime\der_encode_utctime.c,0.09523809,-0.9047619,1.0,0.0,42,38,38,1,1,1,0,true
D:\Pesquisa\Projects\libtomcrypt-analysis\source\libtomcrypt\src\pk\ecc\ltc_ecc_points.c,0.09523809,-0.9047619,1.0,0.0,42,38,38,1,1,1,0,true
D:\Pesquisa\Projects\libtomcrypt-analysis\source\libtomcrypt\src\pk\asn1\der\bit\der_decode_bit_string.c,0.09302324,-0.90697676,1.0,0.0,43,39,39,1,1,1,0,true
D:\Pesquisa\Projects\libtomcrypt-analysis\source\libtomcrypt\src\pk\asn1\der\ia5\der_decode_ia5_string.c,0.09302324,-0.90697676,1.0,0.0,43,39,39,1,1,1,0,true
D:\Pesquisa\Projects\libtomcrypt-analysis\source\libtomcrypt\src\pk\asn1\der\printable_string\der_decode_printable_string.c,0.09302324,-0.90697676,1.0,0.0,43,39,39,1,1,1,0,true
D:\Pesquisa\Projects\libtomcrypt-analysis\source\libtomcrypt\src\pk\asn1\der\teletex_string\der_decode_teletex_string.c,0.09302324,-0.90697676,1.0,0.0,43,39,39,1,1,1,0,true
D:\Pesquisa\Projects\libtomcrypt-analysis\source\libtomcrypt\src\pk\ecc\ecc_set_key.c,0.09302324,-0.90697676,1.0,0.0,43,39,39,1,1,1,0,true
D:\Pesquisa\Projects\libtomcrypt-analysis\source\libtomcrypt\src\pk\ecc\ltc_ecc_import_point.c,0.09302324,-0.90697676,1.0,0.0,43,39,39,1,1,1,0,true
D:\Pesquisa\Projects\libtomcrypt-analysis\source\libtomcrypt\src\hashes\helper\hash_filehandle.c,0.090909064,-0.90909094,1.0,0.0,44,40,40,1,1,1,0,true
D:\Pesquisa\Projects\libtomcrypt-analysis\source\libtomcrypt\src\pk\asn1\der\bit\der_encode_bit_string.c,0.090909064,-0.90909094,1.0,0.0,44,40,40,1,1,1,0,true
D:\Pesquisa\Projects\libtomcrypt-analysis\source\libtomcrypt\src\pk\asn1\der\bit\der_encode_raw_bit_string.c,0.08888888,-0.9111111,1.0,0.0,45,41,41,1,1,1,0,true
D:\Pesquisa\Projects\libtomcrypt-analysis\source\libtomcrypt\src\pk\dh\dh_shared_secret.c,0.08888888,-0.9111111,1.0,0.0,45,41,41,1,1,1,0,true
D:\Pesquisa\Projects\libtomcrypt-analysis\source\libtomcrypt\tests\base32_test.c,0.08888888,-0.9111111,1.0,0.0,45,41,41,1,1,1,0,true
D:\Pesquisa\Projects\libtomcrypt-analysis\source\libtomcrypt\src\pk\asn1\der\short_integer\der_encode_short_integer.c,0.08510637,-0.9148936,1.0,0.0,47,43,43,1,1,1,0,true
D:\Pesquisa\Projects\libtomcrypt-analysis\source\libtomcrypt\src\misc\pkcs12\pkcs12_utf8_to_utf16.c,0.08333331,-0.9166667,1.0,0.0,48,44,44,1,1,1,0,true
D:\Pesquisa\Projects\libtomcrypt-analysis\source\libtomcrypt\src\encauth\gcm\gcm_done.c,0.081632674,-0.9183673,1.0,0.0,49,45,45,1,1,1,0,true
D:\Pesquisa\Projects\libtomcrypt-analysis\source\libtomcrypt\src\pk\asn1\der\bit\der_decode_raw_bit_string.c,0.081632674,-0.9183673,1.0,0.0,49,45,45,1,1,1,0,true
D:\Pesquisa\Projects\libtomcrypt-analysis\source\libtomcrypt\src\pk\asn1\der\object_identifier\der_length_object_identifier.c,0.081632674,-0.9183673,1.0,0.0,49,45,45,1,1,1,0,true
D:\Pesquisa\Projects\libtomcrypt-analysis\source\libtomcrypt\src\misc\pbes\pbes.c,0.07692307,-0.9230769,1.0,0.0,52,48,48,1,1,1,0,true
D:\Pesquisa\Projects\libtomcrypt-analysis\source\libtomcrypt\src\pk\rsa\rsa_decrypt_key.c,0.07692307,-0.9230769,1.0,0.0,52,48,48,1,1,1,0,true
D:\Pesquisa\Projects\libtomcrypt-analysis\source\libtomcrypt\src\encauth\ccm\ccm_process.c,0.07407409,-0.9259259,1.0,0.0,54,50,50,1,1,1,0,true
D:\Pesquisa\Projects\libtomcrypt-analysis\source\libtomcrypt\src\pk\rsa\rsa_encrypt_key.c,0.07407409,-0.9259259,1.0,0.0,54,50,50,1,1,1,0,true
D:\Pesquisa\Projects\libtomcrypt-analysis\source\libtomcrypt\src\ciphers\safer\safer_tab.c,0.07317072,-0.9268293,1.0,0.0,41,38,38,1,1,1,0,true
D:\Pesquisa\Projects\libtomcrypt-analysis\source\libtomcrypt\src\modes\ctr\ctr_start.c,0.07272726,-0.92727274,1.0,0.0,55,51,51,1,1,1,0,true
D:\Pesquisa\Projects\libtomcrypt-analysis\source\libtomcrypt\src\pk\pkcs1\pkcs_1_v1_5_decode.c,0.0714286,-0.9285714,1.0,0.0,56,52,52,1,1,1,0,true
D:\Pesquisa\Projects\libtomcrypt-analysis\source\libtomcrypt\src\math\multi.c,0.07017541,-0.9298246,1.0,0.0,57,53,53,1,1,1,0,true
D:\Pesquisa\Projects\libtomcrypt-analysis\source\libtomcrypt\src\pk\asn1\der\utf8\der_decode_utf8_string.c,0.07017541,-0.9298246,1.0,0.0,57,53,53,1,1,1,0,true
D:\Pesquisa\Projects\libtomcrypt-analysis\source\libtomcrypt\src\pk\rsa\rsa_make_key.c,0.07017541,-0.9298246,1.0,0.0,57,53,53,1,1,1,0,true
D:\Pesquisa\Projects\libtomcrypt-analysis\source\libtomcrypt\src\misc\hkdf\hkdf.c,0.06999999,-0.93,1.0,0.0,100,93,93,1,1,1,0,true
D:\Pesquisa\Projects\libtomcrypt-analysis\source\libtomcrypt\src\pk\asn1\x509\x509_decode_public_key_from_certificate.c,0.068965495,-0.9310345,1.0,0.0,58,54,54,1,1,1,0,true
D:\Pesquisa\Projects\libtomcrypt-analysis\source\libtomcrypt\src\stream\salsa20\salsa20_crypt.c,0.06779659,-0.9322034,1.0,0.0,59,55,55,1,1,1,0,true
D:\Pesquisa\Projects\libtomcrypt-analysis\source\libtomcrypt\src\encauth\ocb3\ocb3_add_aad.c,0.06666666,-0.93333334,1.0,0.0,60,56,56,1,1,1,0,true
D:\Pesquisa\Projects\libtomcrypt-analysis\source\libtomcrypt\src\pk\asn1\der\generalizedtime\der_encode_generalizedtime.c,0.06666666,-0.93333334,1.0,0.0,60,56,56,1,1,1,0,true
D:\Pesquisa\Projects\libtomcrypt-analysis\source\libtomcrypt\src\pk\rsa\rsa_export.c,0.06557375,-0.93442625,1.0,0.0,61,57,57,1,1,1,0,true
D:\Pesquisa\Projects\libtomcrypt-analysis\source\libtomcrypt\src\pk\asn1\pkcs8\pkcs8_decode_flexi.c,0.06451613,-0.9354839,1.0,0.0,62,58,58,1,1,1,0,true
D:\Pesquisa\Projects\libtomcrypt-analysis\source\libtomcrypt\src\pk\dsa\dsa_set.c,0.06451613,-0.9354839,1.0,0.0,62,58,58,1,1,1,0,true
D:\Pesquisa\Projects\libtomcrypt-analysis\source\libtomcrypt\src\pk\ecc\ecc_import.c,0.06451613,-0.9354839,1.0,0.0,62,58,58,1,1,1,0,true
D:\Pesquisa\Projects\libtomcrypt-analysis\source\libtomcrypt\src\stream\rc4\rc4_stream.c,0.06451613,-0.9354839,1.0,0.0,62,58,58,1,1,1,0,true
D:\Pesquisa\Projects\libtomcrypt-analysis\source\libtomcrypt\src\pk\pkcs1\pkcs_1_v1_5_encode.c,0.06349206,-0.93650794,1.0,0.0,63,59,59,1,1,1,0,true
D:\Pesquisa\Projects\libtomcrypt-analysis\source\libtomcrypt\src\pk\rsa\rsa_key.c,0.06349206,-0.93650794,1.0,0.0,63,59,59,1,1,1,0,true
D:\Pesquisa\Projects\libtomcrypt-analysis\source\libtomcrypt\src\pk\asn1\der\object_identifier\der_encode_object_identifier.c,0.0625,-0.9375,1.0,0.0,64,60,60,1,1,1,0,true
D:\Pesquisa\Projects\libtomcrypt-analysis\source\libtomcrypt\src\pk\ecc\ecc_set_curve.c,0.0625,-0.9375,1.0,0.0,64,60,60,1,1,1,0,true
D:\Pesquisa\Projects\libtomcrypt-analysis\source\libtomcrypt\src\stream\chacha\chacha_crypt.c,0.0625,-0.9375,1.0,0.0,64,60,60,1,1,1,0,true
D:\Pesquisa\Projects\libtomcrypt-analysis\source\libtomcrypt\src\pk\asn1\der\object_identifier\der_decode_object_identifier.c,0.061538458,-0.93846154,1.0,0.0,65,61,61,1,1,1,0,true
D:\Pesquisa\Projects\libtomcrypt-analysis\source\libtomcrypt\src\pk\dh\dh_set.c,0.061538458,-0.93846154,1.0,0.0,65,61,61,1,1,1,0,true
D:\Pesquisa\Projects\libtomcrypt-analysis\source\libtomcrypt\src\pk\ec25519\ec25519_export.c,0.061538458,-0.93846154,1.0,0.0,65,61,61,1,1,1,0,true
D:\Pesquisa\Projects\libtomcrypt-analysis\source\libtomcrypt\src\encauth\ccm\ccm_add_nonce.c,0.060606062,-0.93939394,1.0,0.0,66,62,62,1,1,1,0,true
D:\Pesquisa\Projects\libtomcrypt-analysis\source\libtomcrypt\src\pk\asn1\der\general\der_encode_asn1_identifier.c,0.060606062,-0.93939394,1.0,0.0,66,62,62,1,1,1,0,true
D:\Pesquisa\Projects\libtomcrypt-analysis\source\libtomcrypt\src\misc\base32\base32_encode.c,0.058823526,-0.9411765,1.0,0.0,68,64,64,1,1,1,0,true
D:\Pesquisa\Projects\libtomcrypt-analysis\source\libtomcrypt\src\pk\asn1\der\integer\der_encode_integer.c,0.058823526,-0.9411765,1.0,0.0,68,64,64,1,1,1,0,true
D:\Pesquisa\Projects\libtomcrypt-analysis\source\libtomcrypt\src\pk\dh\dh_import.c,0.058823526,-0.9411765,1.0,0.0,68,64,64,1,1,1,0,true
D:\Pesquisa\Projects\libtomcrypt-analysis\source\libtomcrypt\src\pk\rsa\rsa_set.c,0.058823526,-0.9411765,1.0,0.0,68,64,64,1,1,1,0,true
D:\Pesquisa\Projects\libtomcrypt-analysis\source\libtomcrypt\src\pk\dsa\dsa_verify_hash.c,0.057971,-0.942029,1.0,0.0,69,65,65,1,1,1,0,true
D:\Pesquisa\Projects\libtomcrypt-analysis\source\libtomcrypt\src\misc\pkcs12\pkcs12_kdf.c,0.057142854,-0.94285715,1.0,0.0,70,66,66,1,1,1,0,true
D:\Pesquisa\Projects\libtomcrypt-analysis\source\libtomcrypt\src\pk\asn1\der\utctime\der_decode_utctime.c,0.056338012,-0.943662,1.0,0.0,71,67,67,1,1,1,0,true
D:\Pesquisa\Projects\libtomcrypt-analysis\source\libtomcrypt\src\pk\asn1\x509\x509_decode_subject_public_key_info.c,0.056338012,-0.943662,1.0,0.0,71,67,67,1,1,1,0,true
D:\Pesquisa\Projects\libtomcrypt-analysis\source\libtomcrypt\src\pk\dh\dh_generate_key.c,0.055555582,-0.9444444,1.0,0.0,72,68,68,1,1,1,0,true
D:\Pesquisa\Projects\libtomcrypt-analysis\source\libtomcrypt\src\pk\dsa\dsa_export.c,0.05479455,-0.94520545,1.0,0.0,73,69,69,1,1,1,0,true
D:\Pesquisa\Projects\libtomcrypt-analysis\source\libtomcrypt\src\pk\rsa\rsa_import_pkcs8.c,0.053333342,-0.94666666,1.0,0.0,75,71,71,1,1,1,0,true
D:\Pesquisa\Projects\libtomcrypt-analysis\source\libtomcrypt\src\pk\rsa\rsa_sign_hash.c,0.049382687,-0.9506173,1.0,0.0,81,77,77,1,1,1,0,true
D:\Pesquisa\Projects\libtomcrypt-analysis\source\libtomcrypt\src\pk\ecc\ecc_export_openssl.c,0.047619045,-0.95238096,1.0,0.0,84,80,80,1,1,1,0,true
D:\Pesquisa\Projects\libtomcrypt-analysis\source\libtomcrypt\src\pk\ecc\ecc_import_x509.c,0.047619045,-0.95238096,1.0,0.0,84,80,80,1,1,1,0,true
D:\Pesquisa\Projects\libtomcrypt-analysis\source\libtomcrypt\src\pk\asn1\der\sequence\der_encode_sequence_multi.c,0.047169805,-0.9528302,1.0,0.0,106,101,101,1,1,1,0,true
D:\Pesquisa\Projects\libtomcrypt-analysis\source\libtomcrypt\src\misc\pbes\pbes1.c,0.04705882,-0.9529412,1.0,0.0,85,81,81,1,1,1,0,true
D:\Pesquisa\Projects\libtomcrypt-analysis\source\libtomcrypt\src\pk\asn1\der\generalizedtime\der_decode_generalizedtime.c,0.04705882,-0.9529412,1.0,0.0,85,81,81,1,1,1,0,true
D:\Pesquisa\Projects\libtomcrypt-analysis\source\libtomcrypt\src\pk\rsa\rsa_import.c,0.04651165,-0.95348835,1.0,0.0,86,82,82,1,1,1,0,true
D:\Pesquisa\Projects\libtomcrypt-analysis\source\libtomcrypt\tests\no_prng.c,0.0462963,-0.9537037,1.0,0.0,108,103,103,1,1,1,0,true
D:\Pesquisa\Projects\libtomcrypt-analysis\source\libtomcrypt\src\encauth\ocb\ocb_init.c,0.04545456,-0.95454544,1.0,0.0,88,84,84,1,1,1,0,true
D:\Pesquisa\Projects\libtomcrypt-analysis\source\libtomcrypt\src\misc\base32\base32_decode.c,0.04545456,-0.95454544,1.0,0.0,88,84,84,1,1,1,0,true
D:\Pesquisa\Projects\libtomcrypt-analysis\source\libtomcrypt\src\pk\ecc\ecc_import_openssl.c,0.04395604,-0.95604396,1.0,0.0,91,87,87,1,1,1,0,true
D:\Pesquisa\Projects\libtomcrypt-analysis\source\libtomcrypt\src\pk\asn1\der\general\der_decode_asn1_identifier.c,0.042553186,-0.9574468,1.0,0.0,94,90,90,1,1,1,0,true
D:\Pesquisa\Projects\libtomcrypt-analysis\source\libtomcrypt\src\pk\asn1\der\sequence\der_decode_sequence_multi.c,0.041666687,-0.9583333,1.0,0.0,120,115,115,1,1,1,0,true
D:\Pesquisa\Projects\libtomcrypt-analysis\source\libtomcrypt\src\pk\ecc\ecc_set_curve_internal.c,0.041666687,-0.9583333,1.0,0.0,96,92,92,1,1,1,0,true
D:\Pesquisa\Projects\libtomcrypt-analysis\source\libtomcrypt\src\misc\ssh\ssh_encode_sequence_multi.c,0.039682567,-0.96031743,1.0,0.0,126,121,121,1,1,1,0,true
D:\Pesquisa\Projects\libtomcrypt-analysis\source\libtomcrypt\src\misc\ssh\ssh_decode_sequence_multi.c,0.0390625,-0.9609375,1.0,0.0,128,123,123,1,1,1,0,true
D:\Pesquisa\Projects\libtomcrypt-analysis\source\libtomcrypt\src\pk\dsa\dsa_import.c,0.03669727,-0.96330273,1.0,0.0,109,105,105,1,1,1,0,true
D:\Pesquisa\Projects\libtomcrypt-analysis\source\libtomcrypt\src\pk\dsa\dsa_verify_key.c,0.035087705,-0.9649123,1.0,0.0,114,110,110,1,1,1,0,true
D:\Pesquisa\Projects\libtomcrypt-analysis\source\libtomcrypt\src\pk\asn1\der\general\der_asn1_maps.c,0.03333336,-0.96666664,1.0,0.0,120,116,116,1,1,1,0,true
D:\Pesquisa\Projects\libtomcrypt-analysis\source\libtomcrypt\src\pk\asn1\der\printable_string\der_length_printable_string.c,0.03305787,-0.96694213,1.0,0.0,121,117,117,1,1,1,0,true
D:\Pesquisa\Projects\libtomcrypt-analysis\source\libtomcrypt\src\encauth\ocb3\ocb3_init.c,0.03125,-0.96875,1.0,0.0,128,124,124,1,1,1,0,true
D:\Pesquisa\Projects\libtomcrypt-analysis\source\libtomcrypt\src\pk\ecc\ecc_import_pkcs8.c,0.03125,-0.96875,1.0,0.0,128,124,124,1,1,1,0,true
D:\Pesquisa\Projects\libtomcrypt-analysis\source\libtomcrypt\src\misc\pbes\pbes2.c,0.030769229,-0.9692308,1.0,0.0,130,126,126,1,1,1,0,true
D:\Pesquisa\Projects\libtomcrypt-analysis\source\libtomcrypt\src\pk\asn1\der\sequence\der_length_sequence.c,0.029197097,-0.9708029,1.0,0.0,137,133,133,1,1,1,0,true
D:\Pesquisa\Projects\libtomcrypt-analysis\source\libtomcrypt\src\pk\asn1\der\ia5\der_length_ia5_string.c,0.026845634,-0.97315437,1.0,0.0,149,145,145,1,1,1,0,true
D:\Pesquisa\Projects\libtomcrypt-analysis\source\libtomcrypt\src\pk\asn1\der\custom_type\der_length_custom_type.c,0.02614379,-0.9738562,1.0,0.0,153,149,149,1,1,1,0,true
D:\Pesquisa\Projects\libtomcrypt-analysis\source\libtomcrypt\src\pk\asn1\der\sequence\der_encode_sequence_ex.c,0.025974035,-0.97402596,1.0,0.0,154,150,150,1,1,1,0,true
D:\Pesquisa\Projects\libtomcrypt-analysis\source\libtomcrypt\src\pk\asn1\der\teletex_string\der_length_teletex_string.c,0.024242401,-0.9757576,1.0,0.0,165,161,161,1,1,1,0,true
D:\Pesquisa\Projects\libtomcrypt-analysis\source\libtomcrypt\src\pk\asn1\der\custom_type\der_encode_custom_type.c,0.02352941,-0.9764706,1.0,0.0,170,166,166,1,1,1,0,true
D:\Pesquisa\Projects\libtomcrypt-analysis\source\libtomcrypt\src\pk\asn1\der\choice\der_decode_choice.c,0.022099435,-0.97790056,1.0,0.0,181,177,177,1,1,1,0,true
D:\Pesquisa\Projects\libtomcrypt-analysis\source\libtomcrypt\src\mac\poly1305\poly1305.c,0.02197802,-0.978022,1.0,0.0,182,178,178,1,1,1,0,true
D:\Pesquisa\Projects\libtomcrypt-analysis\source\libtomcrypt\src\stream\sober128\sober128tab.c,0.021897793,-0.9781022,1.0,0.0,137,134,134,1,1,1,0,true
D:\Pesquisa\Projects\libtomcrypt-analysis\source\libtomcrypt\src\ciphers\multi2.c,0.016129017,-0.983871,1.0,0.0,248,244,244,1,1,1,0,true
D:\Pesquisa\Projects\libtomcrypt-analysis\source\libtomcrypt\src\pk\asn1\der\custom_type\der_decode_custom_type.c,0.012158036,-0.98784196,1.0,0.0,329,325,325,1,1,1,0,true
D:\Pesquisa\Projects\libtomcrypt-analysis\source\libtomcrypt\src\ciphers\camellia.c,0.0072992444,-0.99270076,1.0,0.0,548,544,544,1,1,1,0,true
D:\Pesquisa\Projects\libtomcrypt-analysis\source\libtomcrypt\src\mac\pmac\pmac_shift_xor.c,-0.09523809,-2.4285715,1.3333334,1.0,21,17,33,4,3,3,3,true
D:\Pesquisa\Projects\libtomcrypt-analysis\source\libtomcrypt\src\mac\blake2\blake2bmac_memory.c,-0.15217388,-1.6521739,1.0,0.5,23,19,22,2,2,2,1,true
D:\Pesquisa\Projects\libtomcrypt-analysis\source\libtomcrypt\src\mac\blake2\blake2smac_memory.c,-0.15217388,-1.6521739,1.0,0.5,23,19,22,2,2,2,1,true
D:\Pesquisa\Projects\libtomcrypt-analysis\source\libtomcrypt\src\mac\poly1305\poly1305_memory.c,-0.15217388,-1.6521739,1.0,0.5,23,19,22,2,2,2,1,true
D:\Pesquisa\Projects\libtomcrypt-analysis\source\libtomcrypt\src\stream\rc4\rc4_test.c,-0.20512831,-2.5384617,1.3333334,1.0,26,22,55,4,3,3,3,true
D:\Pesquisa\Projects\libtomcrypt-analysis\source\libtomcrypt\src\mac\blake2\blake2bmac_memory_multi.c,-0.22222221,-1.7222222,1.0,0.5,36,31,34,2,2,2,1,true
D:\Pesquisa\Projects\libtomcrypt-analysis\source\libtomcrypt\src\mac\blake2\blake2smac_memory_multi.c,-0.22222221,-1.7222222,1.0,0.5,36,31,34,2,2,2,1,true
D:\Pesquisa\Projects\libtomcrypt-analysis\source\libtomcrypt\src\mac\poly1305\poly1305_memory_multi.c,-0.22222221,-1.7222222,1.0,0.5,36,31,34,2,2,2,1,true
D:\Pesquisa\Projects\libtomcrypt-analysis\source\libtomcrypt\src\mac\f9\f9_init.c,-0.2647059,-1.7647059,1.0,0.5,34,30,35,2,2,2,1,true
D:\Pesquisa\Projects\libtomcrypt-analysis\source\libtomcrypt\src\pk\ed25519\ed25519_verify.c,-0.2777778,-1.7777778,1.0,0.5,36,32,35,2,2,2,1,true
D:\Pesquisa\Projects\libtomcrypt-analysis\source\libtomcrypt\src\pk\ed25519\ed25519_sign.c,-0.2837838,-1.7837838,1.0,0.5,37,33,36,2,2,2,1,true
D:\Pesquisa\Projects\libtomcrypt-analysis\source\libtomcrypt\src\encauth\ocb\ocb_encrypt.c,-0.28947365,-1.7894737,1.0,0.5,38,34,38,2,2,2,1,true
D:\Pesquisa\Projects\libtomcrypt-analysis\source\libtomcrypt\src\mac\pmac\pmac_memory.c,-0.28947365,-1.7894737,1.0,0.5,38,34,37,2,2,2,1,true
D:\Pesquisa\Projects\libtomcrypt-analysis\source\libtomcrypt\src\encauth\eax\eax_encrypt_authenticate_memory.c,-0.2948718,-1.7948718,1.0,0.5,39,35,38,2,2,2,1,true
D:\Pesquisa\Projects\libtomcrypt-analysis\source\libtomcrypt\src\encauth\ocb\ocb_decrypt.c,-0.2948718,-1.7948718,1.0,0.5,39,35,39,2,2,2,1,true
D:\Pesquisa\Projects\libtomcrypt-analysis\source\libtomcrypt\src\encauth\ocb\ocb_done_decrypt.c,-0.2948718,-1.7948718,1.0,0.5,39,35,38,2,2,2,1,true
D:\Pesquisa\Projects\libtomcrypt-analysis\source\libtomcrypt\src\hashes\helper\hash_memory.c,-0.2948718,-1.7948718,1.0,0.5,39,35,38,2,2,2,1,true
D:\Pesquisa\Projects\libtomcrypt-analysis\source\libtomcrypt\src\mac\f9\f9_done.c,-0.2948718,-1.7948718,1.0,0.5,39,35,38,2,2,2,1,true
D:\Pesquisa\Projects\libtomcrypt-analysis\source\libtomcrypt\src\mac\xcbc\xcbc_done.c,-0.2948718,-1.7948718,1.0,0.5,39,35,38,2,2,2,1,true
D:\Pesquisa\Projects\libtomcrypt-analysis\source\libtomcrypt\src\encauth\ocb3\ocb3_encrypt_authenticate_memory.c,-0.29999995,-1.8,1.0,0.5,40,36,39,2,2,2,1,true
D:\Pesquisa\Projects\libtomcrypt-analysis\source\libtomcrypt\src\mac\pmac\pmac_done.c,-0.304878,-1.804878,1.0,0.5,41,37,40,2,2,2,1,true
D:\Pesquisa\Projects\libtomcrypt-analysis\source\libtomcrypt\src\mac\f9\f9_memory_multi.c,-0.3076923,-1.8076923,1.0,0.5,52,47,50,2,2,2,1,true
D:\Pesquisa\Projects\libtomcrypt-analysis\source\libtomcrypt\src\mac\hmac\hmac_memory_multi.c,-0.3076923,-1.8076923,1.0,0.5,52,47,50,2,2,2,1,true
D:\Pesquisa\Projects\libtomcrypt-analysis\source\libtomcrypt\src\mac\omac\omac_memory_multi.c,-0.3076923,-1.8076923,1.0,0.5,52,47,50,2,2,2,1,true
D:\Pesquisa\Projects\libtomcrypt-analysis\source\libtomcrypt\src\mac\pmac\pmac_memory_multi.c,-0.3076923,-1.8076923,1.0,0.5,52,47,50,2,2,2,1,true
D:\Pesquisa\Projects\libtomcrypt-analysis\source\libtomcrypt\src\mac\xcbc\xcbc_memory_multi.c,-0.3076923,-1.8076923,1.0,0.5,52,47,50,2,2,2,1,true
D:\Pesquisa\Projects\libtomcrypt-analysis\source\libtomcrypt\src\mac\poly1305\poly1305_test.c,-0.3137256,-2.647059,1.3333334,1.0,34,30,79,4,3,3,3,true
D:\Pesquisa\Projects\libtomcrypt-analysis\source\libtomcrypt\src\encauth\ocb3\ocb3_decrypt.c,-0.31818187,-1.8181819,1.0,0.5,44,40,43,2,2,2,1,true
D:\Pesquisa\Projects\libtomcrypt-analysis\source\libtomcrypt\src\encauth\ocb3\ocb3_encrypt.c,-0.31818187,-1.8181819,1.0,0.5,44,40,43,2,2,2,1,true
D:\Pesquisa\Projects\libtomcrypt-analysis\source\libtomcrypt\src\encauth\ocb\ocb_encrypt_authenticate_memory.c,-0.31818187,-1.8181819,1.0,0.5,44,40,43,2,2,2,1,true
D:\Pesquisa\Projects\libtomcrypt-analysis\source\libtomcrypt\src\hashes\helper\hash_memory_multi.c,-0.31818187,-1.8181819,1.0,0.5,55,50,53,2,2,2,1,true
D:\Pesquisa\Projects\libtomcrypt-analysis\source\libtomcrypt\src\mac\hmac\hmac_memory.c,-0.31818187,-1.8181819,1.0,0.5,44,40,43,2,2,2,1,true
D:\Pesquisa\Projects\libtomcrypt-analysis\source\libtomcrypt\src\mac\omac\omac_memory.c,-0.31818187,-1.8181819,1.0,0.5,44,40,43,2,2,2,1,true
D:\Pesquisa\Projects\libtomcrypt-analysis\source\libtomcrypt\src\encauth\ocb\ocb_decrypt_verify_memory.c,-0.32222223,-1.8222222,1.0,0.5,45,41,44,2,2,2,1,true
D:\Pesquisa\Projects\libtomcrypt-analysis\source\libtomcrypt\src\mac\omac\omac_done.c,-0.32222223,-1.8222222,1.0,0.5,45,41,44,2,2,2,1,true
D:\Pesquisa\Projects\libtomcrypt-analysis\source\libtomcrypt\src\mac\f9\f9_process.c,-0.326087,-1.826087,1.0,0.5,46,42,57,2,2,2,1,true
D:\Pesquisa\Projects\libtomcrypt-analysis\source\libtomcrypt\demos\gcm-file\gcm_file.c,-0.32978725,-1.8297873,1.0,0.5,47,43,84,2,2,2,1,true
D:\Pesquisa\Projects\libtomcrypt-analysis\source\libtomcrypt\src\encauth\ocb3\ocb3_done.c,-0.32978725,-1.8297873,1.0,0.5,47,43,47,2,2,2,1,true
D:\Pesquisa\Projects\libtomcrypt-analysis\source\libtomcrypt\src\stream\sober128\sober128_test.c,-0.33333337,-2.6666667,1.3333334,1.0,36,32,85,4,3,3,3,true
D:\Pesquisa\Projects\libtomcrypt-analysis\source\libtomcrypt\tests\pkcs_1_emsa_test.c,-0.33333337,-1.8333334,1.5,0.0,48,44,51,3,2,2,0,true
D:\Pesquisa\Projects\libtomcrypt-analysis\source\libtomcrypt\src\encauth\eax\eax_done.c,-0.34000003,-1.84,1.0,0.5,50,46,51,2,2,2,1,true
D:\Pesquisa\Projects\libtomcrypt-analysis\source\libtomcrypt\src\encauth\chachapoly\chacha20poly1305_memory.c,-0.34313726,-1.8431373,1.0,0.5,51,47,50,2,2,2,1,true
D:\Pesquisa\Projects\libtomcrypt-analysis\source\libtomcrypt\src\modes\f8\f8_start.c,-0.34313726,-1.8431373,1.0,0.5,51,47,52,2,2,2,1,true
D:\Pesquisa\Projects\libtomcrypt-analysis\source\libtomcrypt\src\mac\omac\omac_init.c,-0.34615386,-1.8461539,1.0,0.5,52,48,53,2,2,2,1,true
D:\Pesquisa\Projects\libtomcrypt-analysis\source\libtomcrypt\src\encauth\gcm\gcm_add_iv.c,-0.3490566,-1.8490566,1.0,0.5,53,49,61,2,2,2,1,true
D:\Pesquisa\Projects\libtomcrypt-analysis\source\libtomcrypt\src\prngs\rng_make_prng.c,-0.3490566,-1.8490566,1.0,0.5,53,49,52,2,2,2,1,true
D:\Pesquisa\Projects\libtomcrypt-analysis\source\libtomcrypt\tests\pkcs_1_eme_test.c,-0.3490566,-1.8490566,1.5,0.0,53,49,56,3,2,2,0,true
D:\Pesquisa\Projects\libtomcrypt-analysis\source\libtomcrypt\tests\pkcs_1_oaep_test.c,-0.3490566,-1.8490566,1.5,0.0,53,49,56,3,2,2,0,true
D:\Pesquisa\Projects\libtomcrypt-analysis\source\libtomcrypt\tests\pkcs_1_pss_test.c,-0.35185182,-1.8518518,1.5,0.0,54,50,57,3,2,2,0,true
D:\Pesquisa\Projects\libtomcrypt-analysis\source\libtomcrypt\src\mac\omac\omac_process.c,-0.35454547,-1.8545455,1.0,0.5,55,51,69,2,2,2,1,true
D:\Pesquisa\Projects\libtomcrypt-analysis\source\libtomcrypt\src\mac\hmac\hmac_init.c,-0.36440682,-1.8644068,1.0,0.5,59,55,58,2,2,2,1,true
D:\Pesquisa\Projects\libtomcrypt-analysis\source\libtomcrypt\src\encauth\eax\eax_decrypt_verify_memory.c,-0.36666667,-1.8666667,1.0,0.5,60,56,60,2,2,2,1,true
D:\Pesquisa\Projects\libtomcrypt-analysis\source\libtomcrypt\src\encauth\ocb3\ocb3_decrypt_verify_memory.c,-0.36666667,-1.8666667,1.0,0.5,60,56,59,2,2,2,1,true
D:\Pesquisa\Projects\libtomcrypt-analysis\source\libtomcrypt\src\misc\padding\padding_depad.c,-0.36666667,-1.8666667,1.0,0.5,60,56,60,2,2,2,1,true
D:\Pesquisa\Projects\libtomcrypt-analysis\source\libtomcrypt\src\pk\ec25519\ec25519_import_pkcs8.c,-0.36666667,-1.8666667,1.0,0.5,60,56,59,2,2,2,1,true
D:\Pesquisa\Projects\libtomcrypt-analysis\source\libtomcrypt\src\pk\pkcs1\pkcs_1_mgf1.c,-0.37096775,-1.8709677,1.0,0.5,62,58,62,2,2,2,1,true
D:\Pesquisa\Projects\libtomcrypt-analysis\source\libtomcrypt\src\mac\hmac\hmac_done.c,-0.37301588,-1.8730159,1.0,0.5,63,59,64,2,2,2,1,true
D:\Pesquisa\Projects\libtomcrypt-analysis\source\libtomcrypt\src\encauth\ocb3\ocb3_encrypt_last.c,-0.375,-1.875,1.0,0.5,64,60,64,2,2,2,1,true
D:\Pesquisa\Projects\libtomcrypt-analysis\source\libtomcrypt\src\encauth\ocb3\ocb3_decrypt_last.c,-0.37692308,-1.8769231,1.0,0.5,65,61,65,2,2,2,1,true
D:\Pesquisa\Projects\libtomcrypt-analysis\source\libtomcrypt\src\modes\f8\f8_encrypt.c,-0.380597,-1.880597,1.0,0.5,67,63,81,2,2,2,1,true
D:\Pesquisa\Projects\libtomcrypt-analysis\source\libtomcrypt\src\pk\dsa\dsa_encrypt_key.c,-0.39333332,-1.8933333,1.0,0.5,75,71,75,2,2,2,1,true
D:\Pesquisa\Projects\libtomcrypt-analysis\source\libtomcrypt\src\misc\pkcs5\pkcs_5_2.c,-0.39999998,-1.9,1.0,0.5,80,76,80,2,2,2,1,true
D:\Pesquisa\Projects\libtomcrypt-analysis\source\libtomcrypt\src\pk\dsa\dsa_sign_hash.c,-0.402439,-1.902439,1.0,0.5,82,78,81,2,2,2,1,true
D:\Pesquisa\Projects\libtomcrypt-analysis\source\libtomcrypt\src\pk\ecc\ecc_encrypt_key.c,-0.4036144,-1.9036144,1.0,0.5,83,79,84,2,2,2,1,true
D:\Pesquisa\Projects\libtomcrypt-analysis\source\libtomcrypt\src\stream\salsa20\xsalsa20_setup.c,-0.4036144,-1.9036144,1.0,0.5,83,79,83,2,2,2,1,true
D:\Pesquisa\Projects\libtomcrypt-analysis\source\libtomcrypt\src\encauth\eax\eax_init.c,-0.4047619,-1.9047619,1.0,0.5,84,80,84,2,2,2,1,true
D:\Pesquisa\Projects\libtomcrypt-analysis\source\libtomcrypt\src\encauth\ocb\s_ocb_done.c,-0.4047619,-1.9047619,1.0,0.5,84,80,86,2,2,2,1,true
D:\Pesquisa\Projects\libtomcrypt-analysis\source\libtomcrypt\src\pk\dsa\dsa_decrypt_key.c,-0.40588236,-1.9058824,1.0,0.5,85,81,85,2,2,2,1,true
D:\Pesquisa\Projects\libtomcrypt-analysis\source\libtomcrypt\src\pk\ecc\ecc_decrypt_key.c,-0.41011238,-1.9101124,1.0,0.5,89,85,90,2,2,2,1,true
D:\Pesquisa\Projects\libtomcrypt-analysis\source\libtomcrypt\src\modes\f8\f8_test_mode.c,-0.41666663,-2.75,1.3333334,1.0,48,44,121,4,3,3,3,true
D:\Pesquisa\Projects\libtomcrypt-analysis\source\libtomcrypt\src\pk\asn1\der\set\der_encode_setof.c,-0.41666663,-1.9166666,1.0,0.5,96,92,95,2,2,2,1,true
D:\Pesquisa\Projects\libtomcrypt-analysis\source\libtomcrypt\src\pk\ecc\ltc_ecc_mulmod_timing.c,-0.41919196,-1.919192,1.0,0.5,99,95,188,2,2,2,1,true
D:\Pesquisa\Projects\libtomcrypt-analysis\source\libtomcrypt\src\pk\pkcs1\pkcs_1_oaep_encode.c,-0.4207921,-1.9207921,1.0,0.5,101,97,102,2,2,2,1,true
D:\Pesquisa\Projects\libtomcrypt-analysis\source\libtomcrypt\src\pk\pkcs1\pkcs_1_oaep_decode.c,-0.42156863,-1.9215686,1.0,0.5,102,98,103,2,2,2,1,true
D:\Pesquisa\Projects\libtomcrypt-analysis\source\libtomcrypt\src\misc\pkcs5\pkcs_5_1.c,-0.42380953,-1.9238095,1.0,0.5,105,101,105,2,2,2,1,true
D:\Pesquisa\Projects\libtomcrypt-analysis\source\libtomcrypt\src\encauth\gcm\gcm_process.c,-0.42452836,-1.9245284,1.0,0.5,106,102,137,2,2,2,1,true
D:\Pesquisa\Projects\libtomcrypt-analysis\source\libtomcrypt\src\pk\pkcs1\pkcs_1_pss_decode.c,-0.42660546,-1.9266055,1.0,0.5,109,105,111,2,2,2,1,true
D:\Pesquisa\Projects\libtomcrypt-analysis\source\libtomcrypt\src\mac\f9\f9_test.c,-0.42666662,-2.76,1.3333334,1.0,50,46,127,4,3,3,3,true
D:\Pesquisa\Projects\libtomcrypt-analysis\source\libtomcrypt\src\pk\pkcs1\pkcs_1_pss_encode.c,-0.42727268,-1.9272727,1.0,0.5,110,106,112,2,2,2,1,true
D:\Pesquisa\Projects\libtomcrypt-analysis\source\libtomcrypt\tests\mpi_test.c,-0.43846154,-1.9384615,1.5,0.0,130,126,133,3,2,2,0,true
D:\Pesquisa\Projects\libtomcrypt-analysis\source\libtomcrypt\src\pk\ecc\ecc_sign_hash.c,-0.439394,-1.939394,1.0,0.5,132,128,140,2,2,2,1,true
D:\Pesquisa\Projects\libtomcrypt-analysis\source\libtomcrypt\src\stream\chacha\chacha_test.c,-0.44025147,-2.7735848,1.3333334,1.0,53,49,136,4,3,3,3,true
D:\Pesquisa\Projects\libtomcrypt-analysis\source\libtomcrypt\src\pk\ecc\ltc_ecc_mulmod.c,-0.44029856,-1.9402986,1.0,0.5,134,130,257,2,2,2,1,true
D:\Pesquisa\Projects\libtomcrypt-analysis\source\libtomcrypt\src\pk\ecc\ecc_verify_hash.c,-0.442446,-1.942446,1.0,0.5,139,135,152,2,2,2,1,true
D:\Pesquisa\Projects\libtomcrypt-analysis\source\libtomcrypt\src\stream\sosemanuk\sosemanuk_test.c,-0.45238078,-2.7857141,1.3333334,1.0,56,52,145,4,3,3,3,true
D:\Pesquisa\Projects\libtomcrypt-analysis\source\libtomcrypt\src\modes\ctr\ctr_test.c,-0.4561404,-2.7894738,1.3333334,1.0,57,53,148,4,3,3,3,true
D:\Pesquisa\Projects\libtomcrypt-analysis\source\libtomcrypt\tests\ed25519_test.c,-0.46000004,-1.96,1.5,0.0,200,196,203,3,2,2,0,true
D:\Pesquisa\Projects\libtomcrypt-analysis\source\libtomcrypt\tests\x25519_test.c,-0.4617225,-1.9617225,1.5,0.0,209,205,212,3,2,2,0,true
D:\Pesquisa\Projects\libtomcrypt-analysis\source\libtomcrypt\src\stream\sober128\sober128_stream.c,-0.46226418,-1.9622642,1.0,0.5,212,208,232,2,2,2,1,true
D:\Pesquisa\Projects\libtomcrypt-analysis\source\libtomcrypt\tests\ssh_test.c,-0.4676113,-1.9676113,1.5,0.0,247,243,250,3,2,2,0,true
D:\Pesquisa\Projects\libtomcrypt-analysis\source\libtomcrypt\tests\dsa_test.c,-0.47394133,-1.9739413,1.5,0.0,307,303,310,3,2,2,0,true
D:\Pesquisa\Projects\libtomcrypt-analysis\source\libtomcrypt\tests\dh_test.c,-0.47590363,-1.9759036,1.5,0.0,332,328,335,3,2,2,0,true
D:\Pesquisa\Projects\libtomcrypt-analysis\source\libtomcrypt\src\stream\salsa20\salsa20_test.c,-0.48205125,-2.8153846,1.3333334,1.0,65,61,172,4,3,3,3,true
D:\Pesquisa\Projects\libtomcrypt-analysis\source\libtomcrypt\src\mac\omac\omac_test.c,-0.508772,-2.8421054,1.3333334,1.0,76,72,205,4,3,3,3,true
D:\Pesquisa\Projects\libtomcrypt-analysis\source\libtomcrypt\src\mac\pelican\pelican_test.c,-0.52380955,-2.857143,1.3333334,1.0,84,80,229,4,3,3,3,true
D:\Pesquisa\Projects\libtomcrypt-analysis\source\libtomcrypt\src\mac\xcbc\xcbc_test.c,-0.52380955,-2.857143,1.3333334,1.0,84,80,229,4,3,3,3,true
D:\Pesquisa\Projects\libtomcrypt-analysis\source\libtomcrypt\src\modes\lrw\lrw_test.c,-0.5362319,-2.8695652,1.3333334,1.0,92,88,253,4,3,3,3,true
D:\Pesquisa\Projects\libtomcrypt-analysis\source\libtomcrypt\src\mac\pmac\pmac_test.c,-0.53900707,-2.8723404,1.3333334,1.0,94,90,259,4,3,3,3,true
D:\Pesquisa\Projects\libtomcrypt-analysis\source\libtomcrypt\src\misc\adler32.c,-0.5429553,-2.8762887,1.3333334,1.0,97,93,122,4,3,3,3,true
D:\Pesquisa\Projects\libtomcrypt-analysis\source\libtomcrypt\src\encauth\chachapoly\chacha20poly1305_test.c,-0.5706667,-2.904,1.3333334,1.0,125,121,352,4,3,3,3,true
D:\Pesquisa\Projects\libtomcrypt-analysis\source\libtomcrypt\src\pk\dsa\dsa_generate_pqg.c,-0.57435906,-2.9076924,1.3333334,1.0,130,126,148,4,3,3,3,true
D:\Pesquisa\Projects\libtomcrypt-analysis\source\libtomcrypt\src\prngs\chacha20.c,-0.58033574,-2.913669,1.3333334,1.0,139,135,208,4,3,3,3,true
D:\Pesquisa\Projects\libtomcrypt-analysis\source\libtomcrypt\src\prngs\sober128.c,-0.58033574,-2.913669,1.3333334,1.0,139,135,208,4,3,3,3,true
D:\Pesquisa\Projects\libtomcrypt-analysis\source\libtomcrypt\src\prngs\rc4.c,-0.58156025,-2.9148936,1.3333334,1.0,141,137,210,4,3,3,3,true
D:\Pesquisa\Projects\libtomcrypt-analysis\source\libtomcrypt\src\ciphers\tea.c,-0.5866667,-2.92,1.3333334,1.0,150,146,263,4,3,3,3,true
D:\Pesquisa\Projects\libtomcrypt-analysis\source\libtomcrypt\src\encauth\ccm\ccm_test.c,-0.6168741,-2.9502075,1.3333334,1.0,241,237,700,4,3,3,3,true
D:\Pesquisa\Projects\libtomcrypt-analysis\source\libtomcrypt\src\ciphers\kasumi.c,-0.61728394,-2.9506173,1.3333334,1.0,243,239,342,4,3,3,3,true
D:\Pesquisa\Projects\libtomcrypt-analysis\source\libtomcrypt\src\encauth\gcm\gcm_test.c,-0.62441313,-2.9577465,1.3333334,1.0,284,280,829,4,3,3,3,true
D:\Pesquisa\Projects\libtomcrypt-analysis\source\libtomcrypt\src\ciphers\kseed.c,-0.6257111,-2.9590445,1.3333334,1.0,293,289,370,4,3,3,3,true
D:\Pesquisa\Projects\libtomcrypt-analysis\source\libtomcrypt\src\mac\blake2\blake2bmac_test.c,-0.62612617,-2.9594595,1.3333334,1.0,296,292,865,4,3,3,3,true
D:\Pesquisa\Projects\libtomcrypt-analysis\source\libtomcrypt\src\mac\blake2\blake2smac_test.c,-0.62612617,-2.9594595,1.3333334,1.0,296,292,865,4,3,3,3,true
D:\Pesquisa\Projects\libtomcrypt-analysis\source\libtomcrypt\src\stream\sosemanuk\sosemanuk.c,-0.6364399,-2.9697733,1.3333334,1.0,397,393,402,4,3,3,3,true
D:\Pesquisa\Projects\libtomcrypt-analysis\source\libtomcrypt\tests\prng_test.c,-0.6451614,-1.6451614,1.0,0.0,93,51,51,3,2,3,0,true
D:\Pesquisa\Projects\libtomcrypt-analysis\source\libtomcrypt\src\ciphers\khazad.c,-0.6505159,-2.9838493,1.3333334,1.0,743,739,832,4,3,3,3,true
D:\Pesquisa\Projects\libtomcrypt-analysis\source\libtomcrypt\src\hashes\whirl\whirltab.c,-0.6507374,-2.9840708,1.3333334,1.0,565,562,1516,4,3,3,3,true
D:\Pesquisa\Projects\libtomcrypt-analysis\source\libtomcrypt\src\pk\asn1\der\utf8\der_length_utf8_string.c,-0.80784345,-4.6078434,2.0,1.8,51,47,80,10,3,5,9,true
D:\Pesquisa\Projects\libtomcrypt-analysis\source\libtomcrypt\src\misc\compare_testvector.c,-0.8467741,-3.096774,2.0,0.25,62,48,106,8,3,4,1,true
D:\Pesquisa\Projects\libtomcrypt-analysis\source\libtomcrypt\src\pk\ecc\ltc_ecc_mul2add.c,-0.90625,-2.90625,1.0,1.0,128,124,250,3,3,3,3,true
D:\Pesquisa\Projects\libtomcrypt-analysis\source\libtomcrypt\src\misc\copy_or_zeromem.c,-0.91216207,-2.162162,1.0,0.25,37,20,23,4,2,4,1,true
D:\Pesquisa\Projects\libtomcrypt-analysis\source\libtomcrypt\src\pk\ecc\ecc_recover_key.c,-0.93181825,-2.9318182,1.0,1.0,176,172,359,3,3,3,3,true
D:\Pesquisa\Projects\libtomcrypt-analysis\source\libtomcrypt\src\ciphers\twofish\twofish_tab.c,-0.98068666,-2.9806867,1.0,1.0,466,463,1190,3,3,3,3,true
D:\Pesquisa\Projects\libtomcrypt-analysis\source\libtomcrypt\src\mac\xcbc\xcbc_process.c,-1.0542636,-2.7209303,1.0,0.6666667,43,39,54,3,2,3,2,true
D:\Pesquisa\Projects\libtomcrypt-analysis\source\libtomcrypt\tests\bcrypt_test.c,-1.1199186,-3.8699186,1.75,1.0,123,119,138,7,3,4,4,true
D:\Pesquisa\Projects\libtomcrypt-analysis\source\libtomcrypt\src\mac\xcbc\xcbc_init.c,-1.1397848,-2.8064516,1.0,0.6666667,62,58,66,3,3,3,2,true
D:\Pesquisa\Projects\libtomcrypt-analysis\source\libtomcrypt\src\mac\pmac\pmac_process.c,-1.1458333,-2.8125,1.0,0.6666667,64,60,82,3,3,3,2,true
D:\Pesquisa\Projects\libtomcrypt-analysis\source\libtomcrypt\src\encauth\gcm\gcm_add_aad.c,-1.1851852,-2.851852,1.0,0.6666667,81,77,92,3,2,3,2,true
D:\Pesquisa\Projects\libtomcrypt-analysis\source\libtomcrypt\src\modes\ctr\ctr_encrypt.c,-1.1969695,-2.8636363,1.0,0.6666667,88,84,102,3,2,3,2,true
D:\Pesquisa\Projects\libtomcrypt-analysis\source\libtomcrypt\src\mac\pmac\pmac_init.c,-1.2096219,-2.8762887,1.0,0.6666667,97,93,101,3,3,3,2,true
D:\Pesquisa\Projects\libtomcrypt-analysis\source\libtomcrypt\src\mac\pelican\pelican.c,-1.2232416,-2.8899083,1.0,0.6666667,109,105,123,3,2,3,2,true
D:\Pesquisa\Projects\libtomcrypt-analysis\source\libtomcrypt\src\mac\blake2\blake2bmac_file.c,-1.224138,-3.724138,1.25,1.25,58,54,149,5,4,4,5,true
D:\Pesquisa\Projects\libtomcrypt-analysis\source\libtomcrypt\src\mac\blake2\blake2smac_file.c,-1.224138,-3.724138,1.25,1.25,58,54,149,5,4,4,5,true
D:\Pesquisa\Projects\libtomcrypt-analysis\source\libtomcrypt\src\mac\poly1305\poly1305_file.c,-1.224138,-3.724138,1.25,1.25,58,54,149,5,4,4,5,true
D:\Pesquisa\Projects\libtomcrypt-analysis\source\libtomcrypt\src\pk\rsa\rsa_verify_hash.c,-1.2298849,-2.8965516,1.0,0.6666667,116,112,118,3,2,3,2,true
D:\Pesquisa\Projects\libtomcrypt-analysis\source\libtomcrypt\src\mac\f9\f9_file.c,-1.2419355,-3.7419355,1.25,1.25,62,58,154,5,4,4,5,true
D:\Pesquisa\Projects\libtomcrypt-analysis\source\libtomcrypt\src\mac\omac\omac_file.c,-1.2419355,-3.7419355,1.25,1.25,62,58,154,5,4,4,5,true
D:\Pesquisa\Projects\libtomcrypt-analysis\source\libtomcrypt\src\mac\pmac\pmac_file.c,-1.2419355,-3.7419355,1.25,1.25,62,58,154,5,4,4,5,true
D:\Pesquisa\Projects\libtomcrypt-analysis\source\libtomcrypt\src\mac\xcbc\xcbc_file.c,-1.2419355,-3.7419355,1.25,1.25,62,58,154,5,4,4,5,true
D:\Pesquisa\Projects\libtomcrypt-analysis\source\libtomcrypt\src\misc\bcrypt\bcrypt.c,-1.2499998,-2.9166665,1.0,0.6666667,144,140,148,3,2,3,2,true
D:\Pesquisa\Projects\libtomcrypt-analysis\source\libtomcrypt\src\mac\hmac\hmac_file.c,-1.25,-3.75,1.25,1.25,64,60,162,5,4,4,5,true
D:\Pesquisa\Projects\libtomcrypt-analysis\source\libtomcrypt\src\hashes\sha2\sha224.c,-1.3095238,-3.8095238,1.5,1.0,84,80,228,6,5,4,4,true
D:\Pesquisa\Projects\libtomcrypt-analysis\source\libtomcrypt\src\hashes\sha2\sha512_224.c,-1.3139534,-3.8139534,1.5,1.0,86,82,232,6,5,4,4,true
D:\Pesquisa\Projects\libtomcrypt-analysis\source\libtomcrypt\src\hashes\sha2\sha512_256.c,-1.3139534,-3.8139534,1.5,1.0,86,82,232,6,5,4,4,true
D:\Pesquisa\Projects\libtomcrypt-analysis\source\libtomcrypt\src\hashes\sha2\sha384.c,-1.3222222,-3.8222222,1.5,1.0,90,86,248,6,5,4,4,true
D:\Pesquisa\Projects\libtomcrypt-analysis\source\libtomcrypt\src\encauth\ocb\ocb_test.c,-1.3805971,-3.880597,1.25,1.25,134,130,382,5,4,4,5,true
D:\Pesquisa\Projects\libtomcrypt-analysis\source\libtomcrypt\src\encauth\eax\eax_test.c,-1.4041917,-3.9041917,1.25,1.25,167,163,481,5,4,4,5,true
D:\Pesquisa\Projects\libtomcrypt-analysis\source\libtomcrypt\tests\pkcs_1_test.c,-1.5147059,-3.764706,1.5,0.75,68,64,80,6,3,4,3,true
D:\Pesquisa\Projects\libtomcrypt-analysis\source\libtomcrypt\src\encauth\gcm\gcm_memory.c,-1.5448718,-3.7948718,1.25,1.0,78,74,88,5,3,4,4,true
D:\Pesquisa\Projects\libtomcrypt-analysis\source\libtomcrypt\src\hashes\md2.c,-1.6569767,-3.9069767,1.25,1.0,172,168,272,5,4,4,4,true
D:\Pesquisa\Projects\libtomcrypt-analysis\source\libtomcrypt\src\ciphers\xtea.c,-1.6635134,-3.9135134,1.25,1.0,185,181,341,5,4,4,4,true
D:\Pesquisa\Projects\libtomcrypt-analysis\source\libtomcrypt\src\modes\xts\xts_test.c,-1.6860001,-3.936,1.25,1.0,250,246,683,5,3,4,4,true
D:\Pesquisa\Projects\libtomcrypt-analysis\source\libtomcrypt\src\stream\rabbit\rabbit.c,-1.6877432,-3.9377432,1.25,1.0,257,253,409,5,4,4,4,true
D:\Pesquisa\Projects\libtomcrypt-analysis\source\libtomcrypt\src\stream\salsa20\xsalsa20_test.c,-1.8774191,-4.677419,1.4,1.4,62,58,181,7,4,5,7,true
D:\Pesquisa\Projects\libtomcrypt-analysis\source\libtomcrypt\tests\base64_test.c,-1.884058,-3.884058,1.25,0.75,138,134,388,5,2,4,3,true
D:\Pesquisa\Projects\libtomcrypt-analysis\source\libtomcrypt\src\math\fp\ltc_ecc_fp_mulmod.c,-1.96597,-10.96597,2.090909,6.909091,1293,1289,9036,23,5,11,76,true
D:\Pesquisa\Projects\libtomcrypt-analysis\source\libtomcrypt\src\modes\lrw\lrw_start.c,-1.9692984,-3.7192984,1.0,0.75,57,53,79,4,3,4,3,true
D:\Pesquisa\Projects\libtomcrypt-analysis\source\libtomcrypt\src\encauth\gcm\gcm_init.c,-1.987705,-3.737705,1.0,0.75,61,57,82,4,3,4,3,true
D:\Pesquisa\Projects\libtomcrypt-analysis\source\libtomcrypt\src\modes\xts\xts_decrypt.c,-2.1938145,-4.7938147,1.4,1.2,97,93,123,7,3,5,6,true
D:\Pesquisa\Projects\libtomcrypt-analysis\source\libtomcrypt\src\modes\xts\xts_encrypt.c,-2.1938145,-4.7938147,1.4,1.2,97,93,123,7,3,5,6,true
D:\Pesquisa\Projects\libtomcrypt-analysis\source\libtomcrypt\src\encauth\gcm\gcm_mult_h.c,-2.243243,-6.243243,1.4285715,2.5714285,37,33,115,10,5,7,18,true
D:\Pesquisa\Projects\libtomcrypt-analysis\source\libtomcrypt\src\encauth\ocb3\ocb3_test.c,-2.321569,-4.921569,1.2,1.4,255,251,748,6,4,5,7,true
D:\Pesquisa\Projects\libtomcrypt-analysis\source\libtomcrypt\src\modes\lrw\lrw_setiv.c,-2.4545455,-5.4545455,1.3333334,1.6666666,44,40,80,8,4,6,10,true
D:\Pesquisa\Projects\libtomcrypt-analysis\source\libtomcrypt\src\misc\padding\padding_pad.c,-2.614815,-4.814815,1.2,1.0,108,104,135,6,3,5,5,true
D:\Pesquisa\Projects\libtomcrypt-analysis\source\libtomcrypt\src\hashes\chc\chc.c,-2.6941798,-4.89418,1.2,1.0,189,185,279,6,4,5,5,true
D:\Pesquisa\Projects\libtomcrypt-analysis\source\libtomcrypt\src\ciphers\idea.c,-2.697436,-4.897436,1.2,1.0,195,191,310,6,4,5,5,true
D:\Pesquisa\Projects\libtomcrypt-analysis\source\libtomcrypt\src\misc\base64\base64_encode.c,-2.7260275,-4.7260275,1.2,0.8,73,69,165,6,2,5,4,true
D:\Pesquisa\Projects\libtomcrypt-analysis\source\libtomcrypt\src\pk\asn1\der\sequence\der_decode_sequence_flexi.c,-2.7476437,-4.9476438,1.2,1.0,382,378,402,6,2,5,5,true
D:\Pesquisa\Projects\libtomcrypt-analysis\source\libtomcrypt\src\misc\base64\base64_decode.c,-2.8675494,-4.8675494,1.2,0.8,151,147,377,6,2,5,4,true
D:\Pesquisa\Projects\libtomcrypt-analysis\source\libtomcrypt\src\misc\crypt\crypt_register_all_prngs.c,-3.0,-4.0,1.0,0.0,27,18,18,6,6,6,0,true
D:\Pesquisa\Projects\libtomcrypt-analysis\source\libtomcrypt\src\modes\cbc\cbc_encrypt.c,-3.0789475,-5.5789475,1.3333334,1.1666666,57,53,88,8,3,6,7,true
D:\Pesquisa\Projects\libtomcrypt-analysis\source\libtomcrypt\src\modes\cbc\cbc_decrypt.c,-3.086207,-5.586207,1.3333334,1.1666666,58,54,89,8,3,6,7,true
D:\Pesquisa\Projects\libtomcrypt-analysis\source\libtomcrypt\src\encauth\ccm\ccm_memory.c,-3.1239545,-4.9239545,1.0,0.8,263,259,313,5,3,5,4,true
D:\Pesquisa\Projects\libtomcrypt-analysis\source\libtomcrypt\src\ciphers\serpent.c,-3.7522526,-5.918919,1.1666666,1.0,296,292,482,7,4,6,6,true
D:\Pesquisa\Projects\libtomcrypt-analysis\source\libtomcrypt\tests\cipher_hash_test.c,-3.923077,-4.923077,1.0,0.0,39,24,24,8,8,8,0,true
D:\Pesquisa\Projects\libtomcrypt-analysis\source\libtomcrypt\src\encauth\gcm\gcm_gf_mult.c,-4.032313,-7.782313,1.875,1.875,147,143,573,15,7,8,15,true
D:\Pesquisa\Projects\libtomcrypt-analysis\source\libtomcrypt\src\misc\crc32.c,-4.192143,-7.817143,1.875,1.75,175,171,390,15,5,8,14,true
D:\Pesquisa\Projects\libtomcrypt-analysis\source\libtomcrypt\src\hashes\whirl\whirl.c,-4.4208913,-6.8494625,1.2857143,1.1428572,186,182,358,9,4,7,8,true
D:\Pesquisa\Projects\libtomcrypt-analysis\source\libtomcrypt\src\hashes\md4.c,-4.434174,-6.8627453,1.2857143,1.1428572,204,200,304,9,4,7,8,true
D:\Pesquisa\Projects\libtomcrypt-analysis\source\libtomcrypt\src\hashes\rmd128.c,-4.4717846,-6.900356,1.2857143,1.1428572,281,277,387,9,4,7,8,true
D:\Pesquisa\Projects\libtomcrypt-analysis\source\libtomcrypt\src\hashes\rmd256.c,-4.48052,-6.909091,1.2857143,1.1428572,308,304,438,9,4,7,8,true
D:\Pesquisa\Projects\libtomcrypt-analysis\source\libtomcrypt\src\hashes\rmd160.c,-4.4836545,-6.9122257,1.2857143,1.1428572,319,315,425,9,4,7,8,true
D:\Pesquisa\Projects\libtomcrypt-analysis\source\libtomcrypt\src\misc\hkdf\hkdf_test.c,-4.4888296,-7.8638296,1.25,2.125,235,231,1008,10,7,8,17,true
D:\Pesquisa\Projects\libtomcrypt-analysis\source\libtomcrypt\src\hashes\rmd320.c,-4.491429,-6.92,1.2857143,1.1428572,350,346,480,9,4,7,8,true
D:\Pesquisa\Projects\libtomcrypt-analysis\source\libtomcrypt\tests\padding_test.c,-4.691092,-7.816092,1.5,1.625,174,170,222,12,5,8,13,true
D:\Pesquisa\Projects\libtomcrypt-analysis\source\libtomcrypt\src\ciphers\safer\saferp.c,-4.777823,-6.92068,1.1428572,1.0,353,349,495,8,5,7,7,true
D:\Pesquisa\Projects\libtomcrypt-analysis\source\libtomcrypt\src\pk\rsa\rsa_exptmod.c,-4.8883114,-6.7454543,1.0,0.85714287,110,106,146,7,3,7,6,true
D:\Pesquisa\Projects\libtomcrypt-analysis\source\libtomcrypt\src\misc\pkcs5\pkcs_5_test.c,-5.077957,-7.827957,1.125,1.625,186,182,593,9,5,8,13,true
D:\Pesquisa\Projects\libtomcrypt-analysis\source\libtomcrypt\src\hashes\sha3.c,-5.19794,-6.9122257,1.1428572,0.5714286,319,315,583,8,2,7,4,true
D:\Pesquisa\Projects\libtomcrypt-analysis\source\libtomcrypt\src\ciphers\aes\aes_tab.c,-5.3503847,-7.9753847,1.25,1.375,975,972,3101,10,5,8,11,true
D:\Pesquisa\Projects\libtomcrypt-analysis\source\libtomcrypt\demos\gcm-file\gcm_filehandle.c,-5.789922,-9.689922,1.3,2.6,129,125,287,13,6,10,26,true
D:\Pesquisa\Projects\libtomcrypt-analysis\source\libtomcrypt\notes\rsa-testvectors\oaep-vect.c,-5.8482747,-6.931608,1.0833334,0.0,1082,625,629,13,2,12,0,true
D:\Pesquisa\Projects\libtomcrypt-analysis\source\libtomcrypt\notes\rsa-testvectors\pss-vect.c,-5.8482747,-6.931608,1.0833334,0.0,1082,625,629,13,2,12,0,true
D:\Pesquisa\Projects\libtomcrypt-analysis\source\libtomcrypt\src\ciphers\noekeon.c,-6.2730155,-8.828571,1.3333334,1.2222222,210,206,393,12,4,9,11,true
D:\Pesquisa\Projects\libtomcrypt-analysis\source\libtomcrypt\src\ciphers\skipjack.c,-6.273828,-8.829384,1.3333334,1.2222222,211,207,304,12,4,9,11,true
D:\Pesquisa\Projects\libtomcrypt-analysis\source\libtomcrypt\src\misc\crypt\crypt_inits.c,-6.2769485,-7.3880596,1.0,0.11111111,67,55,62,9,5,9,1,true
D:\Pesquisa\Projects\libtomcrypt-analysis\source\libtomcrypt\src\hashes\sha2\sha512.c,-6.278546,-8.834102,1.3333334,1.2222222,217,213,355,12,5,9,11,true
D:\Pesquisa\Projects\libtomcrypt-analysis\source\libtomcrypt\src\hashes\tiger.c,-6.393453,-8.949009,1.3333334,1.2222222,706,702,823,12,5,9,11,true
D:\Pesquisa\Projects\libtomcrypt-analysis\source\libtomcrypt\src\modes\lrw\lrw_process.c,-6.4666667,-9.466666,1.4,1.6,75,71,138,14,4,10,16,true
D:\Pesquisa\Projects\libtomcrypt-analysis\source\libtomcrypt\tests\rsa_test.c,-6.46744,-10.921986,2.0,2.4545455,564,560,653,22,7,11,27,true
D:\Pesquisa\Projects\libtomcrypt-analysis\source\libtomcrypt\tests\multi_test.c,-6.592417,-7.592417,1.0,0.0,211,178,178,9,9,9,0,true
D:\Pesquisa\Projects\libtomcrypt-analysis\source\libtomcrypt\tests\misc_test.c,-6.8947372,-7.8947372,1.0,0.0,38,30,30,10,10,10,0,true
D:\Pesquisa\Projects\libtomcrypt-analysis\source\libtomcrypt\src\pk\dh\dh.c,-6.945213,-8.834102,1.0,0.8888889,217,213,411,9,9,9,8,true
D:\Pesquisa\Projects\libtomcrypt-analysis\source\libtomcrypt\src\ciphers\anubis.c,-6.970782,-9.970781,1.4,1.6,1369,1365,3664,14,5,10,16,true
D:\Pesquisa\Projects\libtomcrypt-analysis\source\libtomcrypt\src\math\gmp_desc.c,-6.986544,-10.895636,1.4545455,2.4545455,527,522,588,16,6,11,27,true
D:\Pesquisa\Projects\libtomcrypt-analysis\source\libtomcrypt\src\hashes\sha1.c,-7.2883596,-9.78836,1.3,1.2,189,185,344,13,5,10,12,true
D:\Pesquisa\Projects\libtomcrypt-analysis\source\libtomcrypt\src\ciphers\rc2.c,-7.360627,-9.860627,1.3,1.2,287,283,491,13,4,10,12,true
D:\Pesquisa\Projects\libtomcrypt-analysis\source\libtomcrypt\tests\file_test.c,-7.3783503,-9.278351,1.1,0.8,97,90,244,11,10,10,8,true
D:\Pesquisa\Projects\libtomcrypt-analysis\source\libtomcrypt\src\hashes\sha2\sha256.c,-8.359014,-10.813559,1.2727273,1.1818181,236,232,482,14,5,11,13,true
D:\Pesquisa\Projects\libtomcrypt-analysis\source\libtomcrypt\tests\modes_test.c,-8.674082,-9.946809,1.2727273,0.0,94,85,114,14,8,11,0,true
D:\Pesquisa\Projects\libtomcrypt-analysis\source\libtomcrypt\src\ciphers\rc6.c,-9.2061405,-11.789474,1.3333334,1.25,228,224,397,16,4,12,15,true
D:\Pesquisa\Projects\libtomcrypt-analysis\source\libtomcrypt\src\ciphers\rc5.c,-9.214986,-11.798319,1.3333334,1.25,238,234,375,16,4,12,15,true
D:\Pesquisa\Projects\libtomcrypt-analysis\source\libtomcrypt\src\hashes\md5.c,-9.232052,-11.815385,1.3333334,1.25,260,256,555,16,5,12,15,true
D:\Pesquisa\Projects\libtomcrypt-analysis\source\libtomcrypt\src\prngs\rng_get_bytes.c,-9.672269,-13.529411,1.5714285,2.2857144,119,115,369,22,10,14,32,true
D:\Pesquisa\Projects\libtomcrypt-analysis\source\libtomcrypt\src\math\tfm_desc.c,-9.89426,-13.89426,1.5,2.5,662,657,1208,21,7,14,35,true
D:\Pesquisa\Projects\libtomcrypt-analysis\source\libtomcrypt\src\mac\hmac\hmac_test.c,-11.030633,-13.887775,1.0714285,1.7857143,499,495,1858,15,5,14,25,true
D:\Pesquisa\Projects\libtomcrypt-analysis\source\libtomcrypt\src\hashes\blake2s.c,-11.221877,-13.864734,1.3571428,1.2857143,414,410,694,19,4,14,18,true
D:\Pesquisa\Projects\libtomcrypt-analysis\source\libtomcrypt\src\hashes\blake2b.c,-11.229289,-13.872146,1.3571428,1.2857143,438,434,750,19,4,14,18,true
D:\Pesquisa\Projects\libtomcrypt-analysis\source\libtomcrypt\tests\mac_test.c,-11.735849,-12.735849,1.0,0.0,53,45,45,15,15,15,0,true
D:\Pesquisa\Projects\libtomcrypt-analysis\source\libtomcrypt\demos\tv_gen.c,-11.938011,-13.538012,1.6,0.0,684,463,508,32,13,20,0,true
D:\Pesquisa\Projects\libtomcrypt-analysis\source\libtomcrypt\src\ciphers\blowfish.c,-12.41883,-14.885496,1.2666667,1.2,524,520,667,19,5,15,18,true
D:\Pesquisa\Projects\libtomcrypt-analysis\source\libtomcrypt\tests\der_test.c,-12.557747,-14.9577465,1.2666667,1.1333333,1420,1416,3061,19,9,15,17,true
D:\Pesquisa\Projects\libtomcrypt-analysis\source\libtomcrypt\notes\rsa-testvectors\pkcs1v15sign-vectors.c,-12.667884,-13.726707,1.0588236,0.0,3220,2600,2604,18,2,17,0,true
D:\Pesquisa\Projects\libtomcrypt-analysis\source\libtomcrypt\notes\rsa-testvectors\pkcs1v15crypt-vectors.c,-13.190328,-14.249151,1.0588236,0.0,4122,3455,3459,18,2,17,0,true
D:\Pesquisa\Projects\libtomcrypt-analysis\source\libtomcrypt\src\ciphers\safer\safer.c,-14.17723,-16.82429,1.3529412,1.2941177,387,383,604,23,4,17,22,true
D:\Pesquisa\Projects\libtomcrypt-analysis\source\libtomcrypt\src\ciphers\cast5.c,-14.243966,-16.891026,1.3529412,1.2941177,624,620,784,23,5,17,22,true
D:\Pesquisa\Projects\libtomcrypt-analysis\source\libtomcrypt\src\ciphers\des.c,-16.2753,-18.95951,1.3684211,1.3157895,1877,1873,3637,26,5,19,25,true
D:\Pesquisa\Projects\libtomcrypt-analysis\source\libtomcrypt\src\hashes\sha3_test.c,-17.070759,-19.87076,1.45,1.35,619,615,1774,29,4,20,27,true
D:\Pesquisa\Projects\libtomcrypt-analysis\source\libtomcrypt\src\misc\crypt\crypt_register_all_hashes.c,-17.77647,-18.77647,1.0,0.0,85,76,76,21,20,21,0,true
D:\Pesquisa\Projects\libtomcrypt-analysis\source\libtomcrypt\src\prngs\fortuna.c,-20.051807,-23.718475,1.7083334,1.9583334,341,337,514,41,10,24,47,true
D:\Pesquisa\Projects\libtomcrypt-analysis\source\libtomcrypt\src\misc\crypt\crypt_register_all_ciphers.c,-20.230925,-21.39759,1.0416666,0.125,83,74,83,25,24,24,3,true
D:\Pesquisa\Projects\libtomcrypt-analysis\source\libtomcrypt\src\misc\crypt\crypt_constants.c,-20.517918,-22.004404,1.4594594,0.027027028,227,135,206,54,21,37,1,true
D:\Pesquisa\Projects\libtomcrypt-analysis\source\libtomcrypt\src\ciphers\aes\aes.c,-22.630823,-25.82313,1.3461539,1.8461539,588,584,1462,35,7,26,48,true
D:\Pesquisa\Projects\libtomcrypt-analysis\source\libtomcrypt\src\math\ltm_desc.c,-24.159939,-27.695652,1.5714285,1.9642857,460,455,609,44,17,28,55,true
D:\Pesquisa\Projects\libtomcrypt-analysis\source\libtomcrypt\src\pk\ecc\ecc_find_curve.c,-32.417217,-34.388645,1.0,0.9714286,229,225,395,35,35,35,34,true
D:\Pesquisa\Projects\libtomcrypt-analysis\source\libtomcrypt\src\pk\ecc\ecc.c,-32.694443,-34.66587,1.0,0.9714286,419,415,823,35,35,35,34,true
D:\Pesquisa\Projects\libtomcrypt-analysis\source\libtomcrypt\src\ciphers\twofish\twofish.c,-37.687023,-40.687023,1.3902439,1.6097561,524,520,1085,57,8,41,66,true
D:\Pesquisa\Projects\libtomcrypt-analysis\source\libtomcrypt\tests\test.c,-45.146442,-46.572914,1.382353,0.04411765,384,263,393,94,59,68,3,true
D:\Pesquisa\Projects\libtomcrypt-analysis\source\libtomcrypt\demos\timing.c,-50.14978,-53.955334,2.5694444,1.2361112,1209,906,2884,185,49,72,89,true
D:\Pesquisa\Projects\libtomcrypt-analysis\source\libtomcrypt\src\misc\crypt\crypt_sizes.c,-58.824326,-59.824326,1.0,0.0,296,233,233,76,76,76,0,true
D:\Pesquisa\Projects\libtomcrypt-analysis\source\libtomcrypt\tests\ecc_test.c,-65.306816,-67.806816,1.25,1.25,1408,1404,2397,85,40,68,85,true
D:\Pesquisa\Projects\libtomcrypt-analysis\source\libtomcrypt\src\misc\crypt\crypt.c,-163.52802,-165.88434,1.6724138,0.68390805,536,511,936,291,164,174,119,true
