FILE,Start,FUNCTION_SIGNATURE,ABSmell,LocationSmell,ConstantsSmell,NestingSmell,LOC,LOAC,LOFC,NOFL,NOFC_Dup,NOFC_NonDup,NONEST,NONEG,Smelly
libtomcrypt\tests\test.c,112,static void _unregister_all(void),48.893757,47.812122,1.0204082,0.06122449,165,161,170,49,50,49,3,1,true
libtomcrypt\src\misc\crypt\crypt_register_all_ciphers.c,22,int register_all_ciphers(void),23.935896,22.76923,1.0416666,0.125,78,74,83,24,25,24,3,1,true
libtomcrypt\demos\timing.c,65,static ulong64 rdtsc(void),22.631485,12.093023,6.4615383,4.076923,43,40,465,13,84,14,53,44,true
libtomcrypt\src\misc\crypt\crypt_register_all_hashes.c,22,int register_all_hashes(void),20.949999,19.949999,1.0,0.0,80,76,76,21,21,20,0,0,false
libtomcrypt\tests\ecc_test.c,629,static int _ecc_import_export(void),14.846914,13.1930685,1.6538461,0.0,808,410,707,26,43,9,0,0,false
libtomcrypt\src\mac\hmac\hmac_test.c,51,int hmac_test(void),14.843969,12.920892,1.0769231,0.84615386,493,490,1363,13,14,4,11,3,true
libtomcrypt\tests\mac_test.c,12,int mac_test(void),14.77551,13.77551,1.0,0.0,49,45,45,15,15,15,0,0,false
libtomcrypt\tests\modes_test.c,12,int modes_test(void),11.661615,10.388888,1.2727273,0.0,90,85,114,11,14,8,0,0,false
libtomcrypt\tests\file_test.c,13,int file_test(void),11.577419,9.677419,1.1,0.8,93,90,244,10,11,10,8,1,true
libtomcrypt\demos\timing.c,1156,static void time_encmacs_(unsigned long MAC_SIZE),11.21606,7.8410597,2.25,1.125,151,148,882,8,18,7,9,1,true
libtomcrypt\demos\timing.c,1019,static void time_macs_(unsigned long MAC_SIZE),10.919872,7.794872,2.375,0.75,117,114,784,8,19,7,6,1,true
libtomcrypt\demos\tv_gen.c,775,int main(void),10.32653,8.32653,2.0,0.0,49,34,79,12,24,13,0,6,false
libtomcrypt\tests\misc_test.c,11,int misc_test(void),9.823529,8.823529,1.0,0.0,34,30,30,10,10,10,0,0,false
libtomcrypt\src\misc\hkdf\hkdf_test.c,33,int hkdf_test(void),9.336869,6.908297,1.2857143,1.1428572,229,226,777,7,9,6,8,3,true
libtomcrypt\src\misc\pkcs5\pkcs_5_test.c,31,int pkcs_5_test(void),8.740477,6.883333,1.1428572,0.71428573,180,177,411,7,8,4,5,3,true
libtomcrypt\tests\multi_test.c,12,int multi_test(void),8.73913,7.7391305,1.0,0.0,207,178,178,9,9,9,0,0,false
libtomcrypt\src\encauth\gcm\gcm_mult_h.c,22,"void gcm_mult_h(const gcm_state * gcm, unsigned char * I)",8.032258,5.032258,1.5,1.5,31,26,82,6,9,4,9,3,true
libtomcrypt\tests\test.c,60,static ulong64 epoch_usec(void),7.27,3.52,3.75,0.0,25,22,94,4,15,4,0,6,false
libtomcrypt\tests\test.c,318,"int main(int argc, char * * argv)",7.0663548,4.766355,2.3,0.0,107,51,96,10,23,6,0,7,false
libtomcrypt\tests\cipher_hash_test.c,13,int cipher_hash_test(void),6.4857144,5.4857144,1.0,0.0,35,24,24,8,8,8,0,0,false
libtomcrypt\src\modes\lrw\lrw_process.c,27,"int lrw_process(const unsigned char * pt, unsigned char * ct, unsigned long len, int mode, symmetric_LRW * lrw)",6.47343,4.695652,1.4444444,0.33333334,69,36,67,9,13,3,3,4,true
libtomcrypt\src\ciphers\anubis.c,1168,int anubis_test(void),6.2123823,3.9623826,1.5,0.75,319,316,1066,4,6,3,3,6,true
libtomcrypt\src\misc\crypt\crypt_inits.c,40,int crypt_mp_init(const char * mpi),6.1,4.9333334,1.0,0.16666667,45,37,44,6,6,5,1,0,true
libtomcrypt\src\misc\crypt\crypt_register_all_prngs.c,22,int register_all_prngs(void),5.909091,4.909091,1.0,0.0,22,18,18,6,6,6,0,0,false
libtomcrypt\src\prngs\rng_get_bytes.c,19,"static unsigned long _rng_nix(unsigned char * buf, unsigned long len, void( * callback)(void))",5.75,3.5,1.5,0.75,32,28,64,4,6,3,3,2,true
libtomcrypt\src\encauth\ocb3\ocb3_test.c,22,int ocb3_test(void),5.701807,3.9518073,1.25,0.5,249,246,497,4,5,3,2,3,true
libtomcrypt\src\ciphers\aes\aes.c,120,"int SETUP(const unsigned char * key, int keylen, int num_rounds, symmetric_key * skey)",5.634058,3.884058,1.375,0.375,138,67,137,8,11,4,3,5,false
libtomcrypt\demos\timing.c,870,static void time_ecc(void) #1,5.2058825,4.2058825,1.0,0.0,136,44,44,13,13,9,0,0,false
libtomcrypt\src\prngs\fortuna.c,76,static ulong64 _fortuna_current_time(void),5.014493,2.347826,2.6666667,0.0,23,18,45,3,8,3,0,3,false
libtomcrypt\src\prngs\rng_get_bytes.c,132,"unsigned long rng_get_bytes(unsigned char * out, unsigned long outlen, void( * callback)(void))",4.782609,2.7826087,2.0,0.0,23,16,29,4,8,6,0,1,false
libtomcrypt\src\modes\lrw\lrw_setiv.c,25,"int lrw_setiv(const unsigned char * IV, unsigned long len, symmetric_LRW * lrw)",4.763158,2.7631578,1.4,0.6,38,21,40,5,7,3,3,2,true
libtomcrypt\src\pk\asn1\der\general\der_encode_asn1_length.c,24,"int der_encode_asn1_length(unsigned long len, unsigned char * out, unsigned long * outlen)",4.633333,1.1333333,3.5,0.0,90,51,199,2,7,3,0,3,false
libtomcrypt\demos\timing.c,1331,"int main(int argc, char * * argv)",4.631579,0.6315789,4.0,0.0,57,9,48,4,16,5,0,6,false
libtomcrypt\src\encauth\eax\eax_test.c,22,int eax_test(void),4.6107664,2.9440994,1.3333334,0.33333334,161,158,318,3,4,3,1,3,true
libtomcrypt\src\encauth\ocb\ocb_test.c,22,int ocb_test(void),4.5963545,2.9296875,1.3333334,0.33333334,128,125,252,3,4,3,1,3,true
libtomcrypt\src\mac\blake2\blake2bmac_file.c,23,"int blake2bmac_file(const char * fname, const unsigned char * key, unsigned long keylen, unsigned char * mac, unsigned long * maclen)",4.49359,2.8269231,1.3333334,0.33333334,52,49,95,3,4,3,1,1,true
libtomcrypt\src\mac\blake2\blake2smac_file.c,23,"int blake2smac_file(const char * fname, const unsigned char * key, unsigned long keylen, unsigned char * mac, unsigned long * maclen)",4.49359,2.8269231,1.3333334,0.33333334,52,49,95,3,4,3,1,1,true
libtomcrypt\src\mac\poly1305\poly1305_file.c,28,"int poly1305_file(const char * fname, const unsigned char * key, unsigned long keylen, unsigned char * mac, unsigned long * maclen)",4.49359,2.8269231,1.3333334,0.33333334,52,49,95,3,4,3,1,1,true
libtomcrypt\src\stream\salsa20\xsalsa20_test.c,31,int xsalsa20_test(void),4.475178,2.8085108,1.3333334,0.33333334,47,44,105,3,4,3,1,3,true
libtomcrypt\src\mac\hmac\hmac_file.c,28,"int hmac_file(int hash, const char * fname, const unsigned char * key, unsigned long keylen, unsigned char * out, unsigned long * outlen)",4.4080462,2.7413793,1.3333334,0.33333334,58,53,102,3,4,3,1,1,true
libtomcrypt\src\mac\f9\f9_file.c,28,"int f9_file(int cipher, const unsigned char * key, unsigned long keylen, const char * fname, unsigned char * out, unsigned long * outlen)",4.345238,2.6785715,1.3333334,0.33333334,56,50,96,3,4,3,1,1,true
libtomcrypt\src\mac\omac\omac_file.c,28,"int omac_file(int cipher, const unsigned char * key, unsigned long keylen, const char * filename, unsigned char * out, unsigned long * outlen)",4.345238,2.6785715,1.3333334,0.33333334,56,50,96,3,4,3,1,1,true
libtomcrypt\src\mac\pmac\pmac_file.c,28,"int pmac_file(int cipher, const unsigned char * key, unsigned long keylen, const char * filename, unsigned char * out, unsigned long * outlen)",4.345238,2.6785715,1.3333334,0.33333334,56,50,96,3,4,3,1,1,true
libtomcrypt\src\mac\xcbc\xcbc_file.c,28,"int xcbc_file(int cipher, const unsigned char * key, unsigned long keylen, const char * filename, unsigned char * out, unsigned long * outlen)",4.345238,2.6785715,1.3333334,0.33333334,56,50,96,3,4,3,1,1,true
libtomcrypt\src\modes\xts\xts_decrypt.c,17,"static int _tweak_uncrypt(const unsigned char * C, unsigned char * P, unsigned char * T, const symmetric_xts * xts)",4.269231,2.7692308,1.5,0.0,26,18,30,4,6,2,0,2,false
libtomcrypt\src\pk\asn1\der\utf8\der_length_utf8_string.c,45,int der_utf8_valid_char(const wchar_t c),4.090909,1.0909091,3.0,0.0,11,6,18,2,6,2,0,4,false
libtomcrypt\src\misc\compare_testvector.c,63,"int compare_testvector(const void * is, const unsigned long is_len, const void * should, const unsigned long should_len, const char * what, int which)",4.0833335,1.75,2.0,0.33333334,24,14,38,3,6,3,1,1,true
libtomcrypt\src\modes\xts\xts_encrypt.c,17,"static int _tweak_crypt(const unsigned char * P, unsigned char * C, unsigned char * T, const symmetric_xts * xts)",4.0714283,2.5714285,1.5,0.0,28,18,30,4,6,2,0,2,false
libtomcrypt\demos\aesgcm.c,48,"static int mv(const char * old_name, const char * new_name)",3.8333335,1.5,1.3333334,1.0,18,9,18,3,4,3,3,2,false
libtomcrypt\tests\base64_test.c,14,int base64_test(void),3.7480917,2.7480917,1.0,0.0,131,120,120,3,3,2,0,0,false
libtomcrypt\src\misc\copy_or_zeromem.c,23,"void copy_or_zeromem(const unsigned char * src, unsigned char * dest, unsigned long len, int coz)",3.6742425,2.4242425,1.0,0.25,33,20,23,4,4,2,1,0,true
libtomcrypt\src\modes\cbc\cbc_encrypt.c,27,"int cbc_encrypt(const unsigned char * pt, unsigned char * ct, unsigned long len, symmetric_CBC * cbc)",3.654902,2.254902,1.4,0.0,51,23,35,5,7,2,0,2,false
libtomcrypt\src\modes\cbc\cbc_decrypt.c,27,"int cbc_decrypt(const unsigned char * ct, unsigned char * pt, unsigned long len, symmetric_CBC * cbc)",3.6115384,2.2115383,1.4,0.0,52,23,35,5,7,2,0,2,false
libtomcrypt\tests\padding_test.c,26,"static int _eq(unsigned long a, unsigned long b, const char * _a, const char * _b)",3.590909,1.0909091,2.5,0.0,11,6,18,2,5,3,0,1,false
libtomcrypt\src\mac\blake2\blake2bmac_test.c,14,int blake2bmac_test(void),3.4793105,1.9793104,1.5,0.0,290,287,573,2,3,2,0,3,false
libtomcrypt\src\mac\blake2\blake2smac_test.c,14,int blake2smac_test(void),3.4793105,1.9793104,1.5,0.0,290,287,573,2,3,2,0,3,false
libtomcrypt\src\encauth\gcm\gcm_test.c,22,int gcm_test(void),3.4784174,1.9784173,1.5,0.0,278,275,549,2,3,2,0,3,false
libtomcrypt\src\ciphers\des.c,1681,int des_test(void),3.4746835,1.9746835,1.5,0.0,237,234,467,2,3,2,0,3,false
libtomcrypt\src\encauth\ccm\ccm_test.c,18,int ccm_test(void),3.4744682,1.9744681,1.5,0.0,235,232,463,2,3,2,0,3,false
libtomcrypt\src\modes\xts\xts_test.c,74,int xts_test(void),3.47,1.97,1.5,0.0,200,197,393,2,3,2,0,1,false
libtomcrypt\src\encauth\chachapoly\chacha20poly1305_test.c,14,int chacha20poly1305_test(void),3.4495797,1.9495798,1.5,0.0,119,116,231,2,3,2,0,3,false
libtomcrypt\src\hashes\sha3_test.c,275,int sha3_shake_test(void),3.4387755,1.9387755,1.5,0.0,98,95,189,2,3,2,0,3,false
libtomcrypt\src\ciphers\serpent.c,625,int serpent_test(void),3.43617,1.9361702,1.5,0.0,94,91,181,2,3,2,0,3,false
libtomcrypt\src\mac\pmac\pmac_test.c,23,int pmac_test(void),3.431818,1.9318181,1.5,0.0,88,85,169,2,3,2,0,3,false
libtomcrypt\src\modes\lrw\lrw_test.c,22,int lrw_test(void),3.4302325,1.9302325,1.5,0.0,86,83,165,2,3,2,0,3,false
libtomcrypt\src\hashes\sha3_test.c,634,int keccak_512_test(void),3.429412,1.9294118,1.5,0.0,85,82,163,2,3,2,0,3,false
libtomcrypt\src\ciphers\xtea.c,143,int xtea_test(void),3.4268293,1.9268292,1.5,0.0,82,79,157,2,3,2,0,3,false
libtomcrypt\src\ciphers\rc2.c,298,int rc2_test(void),3.425926,1.925926,1.5,0.0,81,78,155,2,3,2,0,3,false
libtomcrypt\src\hashes\whirl\whirl.c,201,int whirlpool_test(void),3.425926,1.925926,1.5,0.0,81,78,155,2,3,2,0,3,false
libtomcrypt\src\ciphers\noekeon.c,214,int noekeon_test(void),3.425,1.925,1.5,0.0,80,77,153,2,3,2,0,3,false
libtomcrypt\src\stream\rabbit\rabbit.c,339,int rabbit_test(void),3.425,1.925,1.5,0.0,80,77,153,2,3,2,0,3,false
libtomcrypt\src\hashes\sha3_test.c,73,int sha3_256_test(void),3.4240508,1.9240507,1.5,0.0,79,76,151,2,3,2,0,3,false
libtomcrypt\src\mac\pelican\pelican_test.c,18,int pelican_test(void),3.4230769,1.9230769,1.5,0.0,78,75,149,2,3,2,0,3,false
libtomcrypt\src\mac\xcbc\xcbc_test.c,21,int xcbc_test(void),3.4230769,1.9230769,1.5,0.0,78,75,149,2,3,2,0,1,false
libtomcrypt\src\hashes\sha3_test.c,551,int keccak_384_test(void),3.422078,1.9220779,1.5,0.0,77,74,147,2,3,2,0,3,false
libtomcrypt\src\mac\omac\omac_test.c,22,int omac_test(void),3.4142857,1.9142857,1.5,0.0,70,67,133,2,3,2,0,3,false
libtomcrypt\src\hashes\sha3_test.c,401,int keccak_224_test(void),3.4130435,1.9130435,1.5,0.0,69,66,131,2,3,2,0,3,false
libtomcrypt\src\hashes\sha3_test.c,476,int keccak_256_test(void),3.4130435,1.9130435,1.5,0.0,69,66,131,2,3,2,0,3,false
libtomcrypt\src\ciphers\rc6.c,230,int rc6_test(void),3.40625,1.90625,1.5,0.0,64,61,121,2,3,2,0,3,false
libtomcrypt\src\ciphers\tea.c,122,int tea_test(void),3.403226,1.9032258,1.5,0.0,62,59,117,2,3,2,0,3,false
libtomcrypt\src\ciphers\aes\aes.c,647,int ECB_TEST(void),3.4,1.9,1.5,0.0,60,57,113,2,3,2,0,3,false
libtomcrypt\src\ciphers\idea.c,191,int idea_test(void),3.4,1.9,1.5,0.0,60,57,113,2,3,2,0,3,false
libtomcrypt\src\hashes\rmd256.c,363,int rmd256_test(void),3.4,1.9,1.5,0.0,60,57,113,2,3,2,0,3,false
libtomcrypt\src\hashes\rmd320.c,428,int rmd320_test(void),3.4,1.9,1.5,0.0,60,57,113,2,3,2,0,3,false
libtomcrypt\src\ciphers\safer\saferp.c,474,int saferp_test(void),3.398305,1.898305,1.5,0.0,59,56,111,2,3,2,0,3,false
libtomcrypt\src\stream\salsa20\salsa20_test.c,20,int salsa20_test(void),3.398305,1.898305,1.5,0.0,59,56,111,2,3,2,0,3,false
libtomcrypt\src\ciphers\twofish\twofish.c,617,int twofish_test(void),3.3965516,1.8965517,1.5,0.0,58,55,109,2,3,2,0,3,false
libtomcrypt\src\ciphers\des.c,1973,int des3_test(void),3.3947368,1.8947369,1.5,0.0,57,54,107,2,3,2,0,3,false
libtomcrypt\src\ciphers\kasumi.c,250,int kasumi_test(void),3.3909092,1.8909091,1.5,0.0,55,52,103,2,3,2,0,3,false
libtomcrypt\src\hashes\md2.c,188,int md2_test(void),3.3888888,1.8888888,1.5,0.0,54,51,101,2,3,2,0,3,false
libtomcrypt\src\modes\ctr\ctr_test.c,18,int ctr_test(void),3.3823528,1.882353,1.5,0.0,51,48,95,2,3,2,0,1,false
libtomcrypt\src\ciphers\khazad.c,769,int khazad_test(void),3.38,1.88,1.5,0.0,50,47,93,2,3,2,0,3,false
libtomcrypt\src\stream\sosemanuk\sosemanuk_test.c,13,int sosemanuk_test(void),3.38,1.88,1.5,0.0,50,47,93,2,3,2,0,3,false
libtomcrypt\src\hashes\tiger.c,732,int tiger_test(void),3.377551,1.8775511,1.5,0.0,49,46,91,2,3,2,0,3,false
libtomcrypt\src\ciphers\cast5.c,640,int cast5_test(void),3.375,1.875,1.5,0.0,48,45,89,2,3,2,0,3,false
libtomcrypt\src\ciphers\rc5.c,244,int rc5_test(void),3.375,1.875,1.5,0.0,48,45,89,2,3,2,0,3,false
libtomcrypt\src\hashes\rmd128.c,350,int rmd128_test(void),3.375,1.875,1.5,0.0,48,45,89,2,3,2,0,3,false
libtomcrypt\src\hashes\rmd160.c,409,int rmd160_test(void),3.375,1.875,1.5,0.0,48,45,89,2,3,2,0,3,false
libtomcrypt\src\hashes\chc\chc.c,256,int chc_test(void),3.3723404,1.8723404,1.5,0.0,47,44,87,2,3,2,0,3,false
libtomcrypt\src\stream\chacha\chacha_test.c,19,int chacha_test(void),3.3723404,1.8723404,1.5,0.0,47,44,87,2,3,2,0,3,false
libtomcrypt\src\ciphers\blowfish.c,580,int blowfish_test(void),3.3695652,1.8695652,1.5,0.0,46,43,85,2,3,2,0,3,false
libtomcrypt\src\hashes\md5.c,311,int md5_test(void),3.3695652,1.8695652,1.5,0.0,46,43,85,2,3,2,0,3,false
libtomcrypt\src\hashes\sha3_test.c,16,int sha3_224_test(void),3.3695652,1.8695652,1.5,0.0,46,43,85,2,3,2,0,3,false
libtomcrypt\src\hashes\blake2b.c,544,int blake2b_256_test(void),3.3666668,1.8666667,1.5,0.0,45,42,83,2,3,2,0,3,false
libtomcrypt\src\hashes\blake2s.c,434,int blake2s_256_test(void),3.3666668,1.8666667,1.5,0.0,45,42,83,2,3,2,0,3,false
libtomcrypt\src\hashes\md4.c,251,int md4_test(void),3.3666668,1.8666667,1.5,0.0,45,42,83,2,3,2,0,3,false
libtomcrypt\src\hashes\sha3_test.c,220,int sha3_512_test(void),3.3666668,1.8666667,1.5,0.0,45,42,83,2,3,2,0,3,false
libtomcrypt\src\ciphers\kseed.c,306,int kseed_test(void),3.3636365,1.8636364,1.5,0.0,44,41,81,2,3,2,0,3,false
libtomcrypt\src\hashes\sha2\sha512.c,259,int sha512_test(void),3.3636365,1.8636364,1.5,0.0,44,41,81,2,3,2,0,3,false
libtomcrypt\src\mac\f9\f9_test.c,21,int f9_test(void),3.3636365,1.8636364,1.5,0.0,44,41,81,2,3,2,0,1,false
libtomcrypt\src\hashes\blake2b.c,446,int blake2b_512_test(void),3.360465,1.8604652,1.5,0.0,43,40,79,2,3,2,0,3,false
libtomcrypt\src\hashes\sha3_test.c,167,int sha3_384_test(void),3.360465,1.8604652,1.5,0.0,43,40,79,2,3,2,0,3,false
libtomcrypt\src\modes\f8\f8_test_mode.c,19,int f8_test_mode(void),3.357143,1.8571428,1.5,0.0,42,39,77,2,3,2,0,3,false
libtomcrypt\src\hashes\sha2\sha384.c,87,int sha384_test(void),3.35,1.85,1.5,0.0,40,37,73,2,3,2,0,3,false
libtomcrypt\src\prngs\chacha20.c,179,int chacha20_prng_test(void),3.35,1.85,1.5,0.0,40,37,73,2,3,2,0,3,false
libtomcrypt\src\prngs\rc4.c,182,int rc4_test(void),3.35,1.85,1.5,0.0,40,37,73,2,3,2,0,3,false
libtomcrypt\src\prngs\sober128.c,181,int sober128_test(void),3.35,1.85,1.5,0.0,40,37,73,2,3,2,0,3,false
libtomcrypt\src\hashes\blake2b.c,497,int blake2b_384_test(void),3.3461537,1.8461539,1.5,0.0,39,36,71,2,3,2,0,3,false
libtomcrypt\src\hashes\sha2\sha224.c,85,int sha224_test(void),3.3333335,1.8333334,1.5,0.0,36,33,65,2,3,2,0,3,false
libtomcrypt\src\hashes\sha2\sha256.c,289,int sha256_test(void),3.3333335,1.8333334,1.5,0.0,36,33,65,2,3,2,0,3,false
libtomcrypt\src\hashes\sha2\sha512_224.c,87,int sha512_224_test(void),3.3333335,1.8333334,1.5,0.0,36,33,65,2,3,2,0,3,false
libtomcrypt\src\hashes\sha2\sha512_256.c,87,int sha512_256_test(void),3.3333335,1.8333334,1.5,0.0,36,33,65,2,3,2,0,3,false
libtomcrypt\src\ciphers\skipjack.c,270,int skipjack_test(void),3.3285713,1.8285714,1.5,0.0,35,32,63,2,3,2,0,3,false
libtomcrypt\src\hashes\blake2s.c,488,int blake2s_224_test(void),3.3285713,1.8285714,1.5,0.0,35,32,63,2,3,2,0,3,false
libtomcrypt\src\hashes\sha1.c,243,int sha1_test(void),3.3235292,1.8235294,1.5,0.0,34,31,61,2,3,2,0,3,false
libtomcrypt\src\hashes\blake2b.c,597,int blake2b_160_test(void),3.318182,1.8181819,1.5,0.0,33,30,59,2,3,2,0,3,false
libtomcrypt\src\hashes\blake2s.c,532,int blake2s_160_test(void),3.318182,1.8181819,1.5,0.0,33,30,59,2,3,2,0,3,false
libtomcrypt\src\pk\rsa\rsa_exptmod.c,29,"int rsa_exptmod(const unsigned char * in, unsigned long inlen, unsigned char * out, unsigned long * outlen, int which, const rsa_key * key)",3.3076923,2.3076923,1.0,0.0,104,40,40,6,6,2,0,0,false
libtomcrypt\src\hashes\blake2s.c,574,int blake2s_128_test(void),3.3064516,1.8064516,1.5,0.0,31,28,55,2,3,2,0,3,false
libtomcrypt\src\stream\sober128\sober128_test.c,14,int sober128_stream_test(void),3.3,1.8,1.5,0.0,30,27,53,2,3,2,0,3,false
libtomcrypt\src\ciphers\safer\safer.c,451,int safer_sk128_test(void),3.2857141,1.7857143,1.5,0.0,28,25,49,2,3,2,0,3,false
libtomcrypt\src\mac\poly1305\poly1305_test.c,19,int poly1305_test(void),3.2857141,1.7857143,1.5,0.0,28,25,49,2,3,2,0,3,false
libtomcrypt\src\ciphers\safer\safer.c,407,int safer_sk64_test(void),3.2777777,1.7777778,1.5,0.0,27,24,47,2,3,2,0,3,false
libtomcrypt\src\ciphers\safer\safer.c,377,int safer_k64_test(void),3.2391305,1.7391304,1.5,0.0,23,20,39,2,3,2,0,3,false
libtomcrypt\src\stream\rc4\rc4_test.c,14,int rc4_stream_test(void),3.2,1.7,1.5,0.0,20,17,33,2,3,2,0,3,false
libtomcrypt\src\math\ltm_desc.c,450,"static int isprime(void * a, int b, int * c)",3.1666667,0.6666667,2.5,0.0,15,5,15,2,5,3,0,1,false
libtomcrypt\src\misc\adler32.c,111,int adler32_test(void),3.1666665,1.6666666,1.5,0.0,18,15,29,2,3,2,0,3,false
libtomcrypt\src\misc\crc32.c,181,int crc32_test(void),3.1666665,1.6666666,1.5,0.0,18,15,29,2,3,2,0,3,false
libtomcrypt\src\prngs\fortuna.c,511,int fortuna_test(void),3.0,1.5,1.5,0.0,12,9,17,2,3,2,0,3,false
libtomcrypt\src\prngs\fortuna.c,102,static int _fortuna_reseed(prng_state * prng),2.983333,1.5833333,1.4,0.0,60,19,29,5,7,3,0,2,false
libtomcrypt\tests\rsa_test.c,359,int rsa_test(void) #1,2.9346154,0.18461539,2.0,0.75,260,12,27,4,8,5,3,0,false
libtomcrypt\src\mac\pmac\pmac_shift_xor.c,22,void pmac_shift_xor(pmac_state * pmac),2.8333335,1.3333334,1.5,0.0,15,10,16,2,3,2,0,1,false
libtomcrypt\demos\gcm-file\gcm_filehandle.c,61,"int gcm_filehandle(int cipher, const unsigned char * key, unsigned long keylen, const unsigned char * IV, unsigned long IVlen, const unsigned char * adata, unsigned long adatalen, FILE * in, FILE * out, unsigned long taglen, int direction, int * res)",2.7126436,0.87931037,1.3333334,0.5,116,17,30,6,8,3,3,6,false
libtomcrypt\src\math\ltm_desc.c,108,"static int set_int(void * a, ltc_mp_digit b)",2.7,1.2,1.5,0.0,10,6,11,2,3,2,0,1,false
libtomcrypt\src\encauth\gcm\gcm_gf_mult.c,115,"void gcm_gf_mult(const unsigned char * a, const unsigned char * b, unsigned char * c) #2",2.6111112,1.1111112,1.5,0.0,72,20,33,4,6,2,0,2,false
libtomcrypt\src\math\ltm_desc.c,119,static unsigned long get_int(void * a),2.6111112,1.1111112,1.5,0.0,9,5,9,2,3,2,0,1,false
libtomcrypt\src\math\ltm_desc.c,210,static unsigned long unsigned_size(void * a),2.6111112,1.1111112,1.5,0.0,9,5,9,2,3,2,0,1,false
libtomcrypt\src\modes\lrw\lrw_start.c,29,"int lrw_start(int cipher, const unsigned char * IV, const unsigned char * key, int keylen, const unsigned char * tweak, int num_rounds, symmetric_LRW * lrw)",2.5294118,1.5294118,1.0,0.0,51,26,26,3,3,2,0,0,false
libtomcrypt\src\math\ltm_desc.c,198,"static int write_radix(void * a, char * b, int radix)",2.5,1.0,1.5,0.0,10,5,9,2,3,2,0,1,false
libtomcrypt\src\math\ltm_desc.c,221,"static int unsigned_write(void * a, unsigned char * b)",2.5,1.0,1.5,0.0,10,5,9,2,3,2,0,1,false
libtomcrypt\src\math\ltm_desc.c,233,"static int unsigned_read(void * a, unsigned char * b, unsigned long len)",2.5,1.0,1.5,0.0,10,5,9,2,3,2,0,1,false
libtomcrypt\tests\common.c,89,"int test_process_dir(const char * path, void * ctx, dir_iter_cb process, dir_cleanup_cb cleanup, const char * test)",2.4713116,0.72131145,1.75,0.0,61,11,21,4,7,2,0,1,false
libtomcrypt\src\pk\asn1\der\utf8\der_length_utf8_string.c,22,unsigned long der_utf8_charsize(const wchar_t c),2.4411764,0.9411765,1.5,0.0,17,8,15,2,3,2,0,1,false
libtomcrypt\src\encauth\gcm\gcm_init.c,26,"int gcm_init(gcm_state * gcm, int cipher, const unsigned char * key, int keylen)",2.3636365,1.3636364,1.0,0.0,55,25,25,3,3,2,0,0,false
libtomcrypt\tests\bcrypt_test.c,103,int bcrypt_test(void) #1,2.3428571,0.34285715,2.0,0.0,35,6,12,2,4,1,0,0,false
libtomcrypt\tests\rsa_test.c,337,"static int _rsa_import_x509(const void * in, unsigned long inlen, void * key)",2.3,0.3,2.0,0.0,10,3,6,1,2,1,0,0,false
libtomcrypt\demos\hashsum.c,175,"int main(int argc, char * * argv)",2.2782607,1.2782608,1.0,0.0,115,21,21,7,7,7,0,0,false
libtomcrypt\tests\padding_test.c,49,"static int _cmp_iso_10126(const padding_testcase * t, const unsigned char * p, unsigned long len)",2.25,0.25,2.0,0.0,12,3,6,1,2,2,0,0,false
libtomcrypt\src\misc\padding\padding_pad.c,85,"int padding_pad(unsigned char * data, unsigned long length, unsigned long * padded_length, unsigned long mode)",2.2280703,0.8947368,1.3333334,0.0,57,17,21,3,4,2,0,1,false
libtomcrypt\src\prngs\fortuna.c,346,int fortuna_ready(prng_state * prng),2.1666667,0.6666667,1.5,0.0,15,5,9,2,3,2,0,1,false
libtomcrypt\src\pk\asn1\der\utf8\der_encode_utf8_string.c,27,"int der_encode_utf8_string(const wchar_t * in, unsigned long inlen, unsigned char * out, unsigned long * outlen)",2.075,0.075,2.0,0.0,40,3,6,1,2,1,0,2,false
libtomcrypt\tests\prng_test.c,29,int prng_test(void),1.9866667,0.9866667,1.0,0.0,75,37,37,2,2,2,0,0,false
libtomcrypt\demos\timing.c,700,static void time_rsa(void) #1,1.8928572,0.8928572,1.0,0.0,112,20,20,5,5,1,0,0,false
libtomcrypt\src\encauth\ccm\ccm_memory.c,39,"int ccm_memory(int cipher, const unsigned char * key, unsigned long keylen, symmetric_key * uskey, const unsigned char * nonce, unsigned long noncelen, const unsigned char * header, unsigned long headerlen, unsigned char * pt, unsigned long ptlen, unsigned char * ct, unsigned char * tag, unsigned long * taglen, int direction)",1.840467,0.8404669,1.0,0.0,257,54,54,4,4,2,0,0,false
libtomcrypt\src\mac\xcbc\xcbc_process.c,24,"int xcbc_process(xcbc_state * xcbc, const unsigned char * in, unsigned long inlen)",1.8108108,0.8108108,1.0,0.0,37,15,15,2,2,1,0,0,false
libtomcrypt\src\mac\pmac\pmac_process.c,26,"int pmac_process(pmac_state * pmac, const unsigned char * in, unsigned long inlen)",1.7586207,0.7586207,1.0,0.0,58,22,22,2,2,2,0,0,false
libtomcrypt\src\encauth\gcm\gcm_memory.c,35,"int gcm_memory(int cipher, const unsigned char * key, unsigned long keylen, const unsigned char * IV, unsigned long IVlen, const unsigned char * adata, unsigned long adatalen, unsigned char * pt, unsigned long ptlen, unsigned char * ct, unsigned char * tag, unsigned long * taglen, int direction)",1.75,0.4166667,1.3333334,0.0,72,10,14,3,4,2,0,3,false
libtomcrypt\src\pk\dsa\dsa_generate_pqg.c,29,"static int _dsa_make_params(prng_state * prng, int wprng, int group_size, int modulus_size, void * p, void * q, void * g)",1.745283,0.24528302,1.5,0.0,106,13,22,2,3,2,0,1,false
libtomcrypt\tests\store_test.c,12,int store_test(void),1.6666667,0.6666667,1.0,0.0,60,20,20,2,2,1,0,0,false
libtomcrypt\src\stream\sosemanuk\sosemanuk.c,588,static LTC_INLINE void _sosemanuk_internal(sosemanuk_state * st),1.6515151,0.15151516,1.5,0.0,66,5,9,2,3,2,0,1,false
libtomcrypt\tests\der_test.c,1580,int der_test(void) #2,1.6173913,0.21739131,1.4,0.0,322,14,21,5,7,5,0,1,false
libtomcrypt\tests\ecc_test.c,517,static int _ecc_new_api(void),1.5747126,0.57471263,1.0,0.0,87,25,25,2,2,2,0,0,false
libtomcrypt\tests\padding_test.c,111,int padding_test(void),1.5060241,0.50602406,1.0,0.0,83,14,14,3,3,1,0,0,false
libtomcrypt\tests\der_test.c,1136,"static void _der_decode_print(const void * p, unsigned long * plen)",1.4545455,0.45454547,1.0,0.0,11,5,5,1,1,1,0,0,false
libtomcrypt\src\mac\pelican\pelican.c,99,"int pelican_process(pelican_state * pelmac, const unsigned char * in, unsigned long inlen)",1.4482758,0.44827586,1.0,0.0,29,13,13,1,1,1,0,0,false
libtomcrypt\src\pk\asn1\der\sequence\der_decode_sequence_flexi.c,44,"int der_decode_sequence_flexi(const unsigned char * in, unsigned long * inlen, ltc_asn1_list * * out)",1.439415,0.18941504,1.25,0.0,359,17,24,4,5,1,0,0,false
libtomcrypt\src\stream\sober128\sober128_stream.c,251,"int sober128_stream_crypt(sober128_state * st, const unsigned char * in, unsigned long inlen, unsigned char * out)",1.4210527,0.42105263,1.0,0.0,57,24,24,1,1,1,0,1,false
libtomcrypt\src\encauth\gcm\gcm_add_aad.c,25,"int gcm_add_aad(gcm_state * gcm, const unsigned char * adata, unsigned long adatalen)",1.4,0.4,1.0,0.0,75,15,15,2,2,1,0,0,false
libtomcrypt\tests\der_test.c,1336,"static int _der_decode_sequence_flexi(const void * in, unsigned long inlen, void * ctx)",1.3846154,0.3846154,1.0,0.0,13,5,5,1,1,1,0,0,false
libtomcrypt\src\ciphers\idea.c,158,"int idea_ecb_encrypt(const unsigned char * pt, unsigned char * ct, const symmetric_key * skey)",1.375,0.375,1.0,0.0,8,3,3,1,1,1,0,0,false
libtomcrypt\src\ciphers\idea.c,167,"int idea_ecb_decrypt(const unsigned char * ct, unsigned char * pt, const symmetric_key * skey)",1.375,0.375,1.0,0.0,8,3,3,1,1,1,0,0,false
libtomcrypt\src\ciphers\serpent.c,591,"int serpent_ecb_encrypt(const unsigned char * pt, unsigned char * ct, const symmetric_key * skey)",1.375,0.375,1.0,0.0,8,3,3,1,1,1,0,0,false
libtomcrypt\src\ciphers\serpent.c,600,"int serpent_ecb_decrypt(const unsigned char * ct, unsigned char * pt, const symmetric_key * skey)",1.375,0.375,1.0,0.0,8,3,3,1,1,1,0,0,false
libtomcrypt\src\mac\f9\f9_process.c,24,"int f9_process(f9_state * f9, const unsigned char * in, unsigned long inlen)",1.375,0.375,1.0,0.0,40,15,15,1,1,1,0,0,false
libtomcrypt\src\mac\omac\omac_process.c,26,"int omac_process(omac_state * omac, const unsigned char * in, unsigned long inlen)",1.367347,0.36734694,1.0,0.0,49,18,18,1,1,1,0,0,false
libtomcrypt\src\encauth\gcm\gcm_process.c,27,"int gcm_process(gcm_state * gcm, unsigned char * pt, unsigned long ptlen, unsigned char * ct, int direction)",1.35,0.35,1.0,0.0,100,35,35,1,1,1,0,0,false
libtomcrypt\src\modes\ctr\ctr_encrypt.c,27,"static int _ctr_encrypt(const unsigned char * pt, unsigned char * ct, unsigned long len, symmetric_CTR * ctr)",1.3023256,0.30232558,1.0,0.0,43,13,13,1,1,1,0,0,false
libtomcrypt\demos\timing.c,643,static void time_dsa(void) #1,1.2978723,0.29787233,1.0,0.0,47,7,7,2,2,2,0,1,false
libtomcrypt\src\modes\f8\f8_encrypt.c,26,"int f8_encrypt(const unsigned char * pt, unsigned char * ct, unsigned long len, symmetric_F8 * f8)",1.295082,0.29508197,1.0,0.0,61,18,18,1,1,1,0,0,false
libtomcrypt\src\ciphers\blowfish.c,304,"static void s_blowfish_encipher(ulong32 * L, ulong32 * R, const symmetric_key * skey)",1.2916666,0.29166666,1.0,0.0,24,7,7,1,1,1,0,1,false
libtomcrypt\src\mac\xcbc\xcbc_init.c,25,"int xcbc_init(xcbc_state * xcbc, int cipher, const unsigned char * key, unsigned long keylen)",1.2857143,0.2857143,1.0,0.0,56,8,8,2,2,2,0,0,false
libtomcrypt\src\mac\pelican\pelican.c,30,"int pelican_init(pelican_state * pelmac, const unsigned char * key, unsigned long keylen)",1.2777778,0.2777778,1.0,0.0,18,5,5,1,1,1,0,0,false
libtomcrypt\tests\ecc_test.c,1598,int ecc_test(void),1.2666667,0.26666668,1.0,0.0,15,4,4,1,1,1,0,0,false
libtomcrypt\src\encauth\gcm\gcm_add_iv.c,25,"int gcm_add_iv(gcm_state * gcm, const unsigned char * IV, unsigned long IVlen)",1.2553191,0.25531915,1.0,0.0,47,12,12,1,1,1,0,0,false
libtomcrypt\src\ciphers\serpent.c,574,"int serpent_setup(const unsigned char * key, int keylen, int num_rounds, symmetric_key * skey)",1.2307693,0.23076923,1.0,0.0,13,3,3,1,1,1,0,0,false
libtomcrypt\src\hashes\sha2\sha224.c,65,"int sha224_done(hash_state * md, unsigned char * out)",1.2307693,0.23076923,1.0,0.0,13,3,3,1,1,1,0,0,false
libtomcrypt\src\misc\padding\padding_pad.c,20,"static int _padding_padded_length(unsigned long * length, unsigned long mode)",1.2222222,0.22222222,1.0,0.0,45,10,10,1,1,1,0,0,false
libtomcrypt\tests\ecc_test.c,1496,static int _ecc_test_recovery(void),1.2191781,0.21917808,1.0,0.0,73,16,16,1,1,1,0,0,false
libtomcrypt\src\mac\pmac\pmac_init.c,44,"int pmac_init(pmac_state * pmac, int cipher, const unsigned char * key, unsigned long keylen)",1.2162162,0.21621622,1.0,0.0,74,8,8,2,2,2,0,0,false
libtomcrypt\src\hashes\sha2\sha384.c,64,"int sha384_done(hash_state * md, unsigned char * out)",1.2,0.2,1.0,0.0,15,3,3,1,1,1,0,0,false
libtomcrypt\src\hashes\sha2\sha512_224.c,64,"int sha512_224_done(hash_state * md, unsigned char * out)",1.2,0.2,1.0,0.0,15,3,3,1,1,1,0,0,false
libtomcrypt\src\hashes\sha2\sha512_256.c,64,"int sha512_256_done(hash_state * md, unsigned char * out)",1.2,0.2,1.0,0.0,15,3,3,1,1,1,0,0,false
libtomcrypt\src\mac\f9\f9_init.c,25,"int f9_init(f9_state * f9, int cipher, const unsigned char * key, unsigned long keylen)",1.1785715,0.17857143,1.0,0.0,28,5,5,1,1,1,0,0,false
libtomcrypt\src\mac\blake2\blake2bmac_memory.c,24,"int blake2bmac_memory(const unsigned char * key, unsigned long keylen, const unsigned char * in, unsigned long inlen, unsigned char * mac, unsigned long * maclen)",1.1764706,0.1764706,1.0,0.0,17,3,3,1,1,1,0,0,false
libtomcrypt\src\mac\blake2\blake2smac_memory.c,24,"int blake2smac_memory(const unsigned char * key, unsigned long keylen, const unsigned char * in, unsigned long inlen, unsigned char * mac, unsigned long * maclen)",1.1764706,0.1764706,1.0,0.0,17,3,3,1,1,1,0,0,false
libtomcrypt\src\mac\poly1305\poly1305_memory.c,29,"int poly1305_memory(const unsigned char * key, unsigned long keylen, const unsigned char * in, unsigned long inlen, unsigned char * mac, unsigned long * maclen)",1.1764706,0.1764706,1.0,0.0,17,3,3,1,1,1,0,0,false
libtomcrypt\src\hashes\chc\chc.c,130,"static int chc_compress(hash_state * md, const unsigned char * buf)",1.1666666,0.16666667,1.0,0.0,24,4,4,1,1,1,0,0,false
libtomcrypt\src\prngs\fortuna.c,441,int fortuna_done(prng_state * prng),1.1428572,0.14285715,1.0,0.0,21,3,3,1,1,1,0,0,false
libtomcrypt\src\hashes\md2.c,149,"int md2_done(hash_state * md, unsigned char * out)",1.1363636,0.13636364,1.0,0.0,22,3,3,1,1,1,0,0,false
libtomcrypt\src\hashes\blake2b.c,411,"int blake2b_done(hash_state * md, unsigned char * out)",1.1304348,0.13043478,1.0,0.0,23,3,3,1,1,1,0,0,false
libtomcrypt\src\hashes\blake2s.c,400,"int blake2s_done(hash_state * md, unsigned char * out)",1.1304348,0.13043478,1.0,0.0,23,3,3,1,1,1,0,0,false
libtomcrypt\src\modes\ctr\ctr_encrypt.c,86,"int ctr_encrypt(const unsigned char * pt, unsigned char * ct, unsigned long len, symmetric_CTR * ctr)",1.1282052,0.12820514,1.0,0.0,39,5,5,1,1,1,0,0,false
libtomcrypt\src\pk\ecc\ecc_verify_hash.c,30,"int ecc_verify_hash_ex(const unsigned char * sig, unsigned long siglen, const unsigned char * hash, unsigned long hashlen, ecc_signature_type sigformat, int * stat, const ecc_key * key)",1.1278195,0.12781955,1.0,0.0,133,17,17,1,1,1,0,0,false
libtomcrypt\src\encauth\ocb\ocb_encrypt.c,25,"int ocb_encrypt(ocb_state * ocb, const unsigned char * pt, unsigned char * ct)",1.125,0.125,1.0,0.0,32,4,4,1,1,1,0,0,false
libtomcrypt\src\math\rand_bn.c,16,"int rand_bn_bits(void * N, int bits, prng_state * prng, int wprng)",1.125,0.125,1.0,0.0,24,3,3,1,1,1,0,0,false
libtomcrypt\src\encauth\ocb\ocb_decrypt.c,25,"int ocb_decrypt(ocb_state * ocb, const unsigned char * ct, unsigned char * pt)",1.1212121,0.121212125,1.0,0.0,33,4,4,1,1,1,0,0,false
libtomcrypt\src\ciphers\xtea.c,32,"int xtea_setup(const unsigned char * key, int keylen, int num_rounds, symmetric_key * skey)",1.12,0.12,1.0,0.0,25,3,3,1,1,1,0,0,false
libtomcrypt\src\prngs\fortuna.c,186,"int fortuna_update_seed(const unsigned char * in, unsigned long inlen, prng_state * prng)",1.1153846,0.115384616,1.0,0.0,26,3,3,1,1,1,0,0,false
libtomcrypt\src\misc\bcrypt\bcrypt.c,20,"static int _bcrypt_hash(const unsigned char * pt, const unsigned char * pass, unsigned long passlen, const unsigned char * salt, unsigned long saltlen, unsigned char * out, unsigned long * outlen)",1.1142857,0.114285715,1.0,0.0,35,4,4,1,1,1,0,0,false
libtomcrypt\src\encauth\eax\eax_done.c,25,"int eax_done(eax_state * eax, unsigned char * tag, unsigned long * taglen)",1.1136364,0.11363637,1.0,0.0,44,5,5,1,1,1,0,0,false
libtomcrypt\src\modes\f8\f8_start.c,31,"int f8_start(int cipher, const unsigned char * IV, const unsigned char * key, int keylen, const unsigned char * salt_key, int skeylen, int num_rounds, symmetric_F8 * f8)",1.1111112,0.11111111,1.0,0.0,45,5,5,1,1,1,0,0,false
libtomcrypt\tests\test.c,286,static void register_algs(void),1.1111112,0.11111111,1.0,0.0,27,3,3,1,1,1,0,1,false
libtomcrypt\src\pk\rsa\rsa_verify_hash.c,31,"int rsa_verify_hash_ex(const unsigned char * sig, unsigned long siglen, const unsigned char * hash, unsigned long hashlen, int padding, int hash_idx, unsigned long saltlen, int * stat, const rsa_key * key)",1.1090909,0.10909091,1.0,0.0,110,6,6,2,2,1,0,0,false
libtomcrypt\src\mac\omac\omac_init.c,27,"int omac_init(omac_state * omac, int cipher, const unsigned char * key, unsigned long keylen)",1.1086956,0.10869565,1.0,0.0,46,5,5,1,1,1,0,0,false
libtomcrypt\tests\der_test.c,1280,static void der_Xcode_test(void),1.106383,0.10638298,1.0,0.0,47,5,5,1,1,1,0,0,false
libtomcrypt\src\hashes\blake2b.c,216,"int blake2b_init(hash_state * md, unsigned long outlen, const unsigned char * key, unsigned long keylen)",1.1034483,0.10344828,1.0,0.0,29,3,3,1,1,1,0,0,false
libtomcrypt\src\hashes\blake2s.c,210,"int blake2s_init(hash_state * md, unsigned long outlen, const unsigned char * key, unsigned long keylen)",1.1034483,0.10344828,1.0,0.0,29,3,3,1,1,1,0,0,false
libtomcrypt\src\hashes\tiger.c,682,"int tiger_done(hash_state * md, unsigned char * out)",1.1034483,0.10344828,1.0,0.0,29,3,3,1,1,1,0,0,false
libtomcrypt\src\mac\blake2\blake2bmac_memory_multi.c,26,"int blake2bmac_memory_multi(const unsigned char * key, unsigned long keylen, unsigned char * mac, unsigned long * maclen, const unsigned char * in, unsigned long inlen, ...)",1.1034483,0.10344828,1.0,0.0,29,3,3,1,1,1,0,0,false
libtomcrypt\src\mac\blake2\blake2smac_memory_multi.c,26,"int blake2smac_memory_multi(const unsigned char * key, unsigned long keylen, unsigned char * mac, unsigned long * maclen, const unsigned char * in, unsigned long inlen, ...)",1.1034483,0.10344828,1.0,0.0,29,3,3,1,1,1,0,0,false
libtomcrypt\src\mac\poly1305\poly1305_memory_multi.c,31,"int poly1305_memory_multi(const unsigned char * key, unsigned long keylen, unsigned char * mac, unsigned long * maclen, const unsigned char * in, unsigned long inlen, ...)",1.1034483,0.10344828,1.0,0.0,29,3,3,1,1,1,0,0,false
libtomcrypt\src\pk\ecc\ecc_recover_key.c,32,"int ecc_recover_key(const unsigned char * sig, unsigned long siglen, const unsigned char * hash, unsigned long hashlen, int recid, ecc_signature_type sigformat, ecc_key * key)",1.1011904,0.10119048,1.0,0.0,168,17,17,1,1,1,0,0,false
libtomcrypt\src\hashes\md4.c,199,"int md4_done(hash_state * md, unsigned char * out)",1.1,0.1,1.0,0.0,30,3,3,1,1,1,0,0,false
libtomcrypt\src\hashes\md5.c,258,"int md5_done(hash_state * md, unsigned char * out)",1.1,0.1,1.0,0.0,30,3,3,1,1,1,0,0,false
libtomcrypt\src\hashes\rmd128.c,297,"int rmd128_done(hash_state * md, unsigned char * out)",1.1,0.1,1.0,0.0,30,3,3,1,1,1,0,0,false
libtomcrypt\src\hashes\rmd160.c,356,"int rmd160_done(hash_state * md, unsigned char * out)",1.1,0.1,1.0,0.0,30,3,3,1,1,1,0,0,false
libtomcrypt\src\hashes\rmd256.c,310,"int rmd256_done(hash_state * md, unsigned char * out)",1.1,0.1,1.0,0.0,30,3,3,1,1,1,0,0,false
libtomcrypt\src\hashes\rmd320.c,375,"int rmd320_done(hash_state * md, unsigned char * out)",1.1,0.1,1.0,0.0,30,3,3,1,1,1,0,0,false
libtomcrypt\src\hashes\sha1.c,191,"int sha1_done(hash_state * md, unsigned char * out)",1.1,0.1,1.0,0.0,30,3,3,1,1,1,0,0,false
libtomcrypt\src\hashes\sha2\sha256.c,236,"int sha256_done(hash_state * md, unsigned char * out)",1.1,0.1,1.0,0.0,30,3,3,1,1,1,0,0,false
libtomcrypt\src\hashes\sha2\sha512.c,204,"int sha512_done(hash_state * md, unsigned char * out)",1.1,0.1,1.0,0.0,30,3,3,1,1,1,0,0,false
libtomcrypt\src\hashes\whirl\whirl.c,149,"int whirlpool_done(hash_state * md, unsigned char * out)",1.1,0.1,1.0,0.0,30,3,3,1,1,1,0,0,false
libtomcrypt\src\pk\ed25519\ed25519_verify.c,27,"int ed25519_verify(const unsigned char * msg, unsigned long msglen, const unsigned char * sig, unsigned long siglen, int * stat, const curve25519_key * public_key)",1.1,0.1,1.0,0.0,30,3,3,1,1,1,0,0,false
libtomcrypt\src\encauth\ocb3\ocb3_done.c,25,"int ocb3_done(ocb3_state * ocb, unsigned char * tag, unsigned long * taglen)",1.097561,0.09756097,1.0,0.0,41,4,4,1,1,1,0,0,false
libtomcrypt\src\pk\ed25519\ed25519_sign.c,26,"int ed25519_sign(const unsigned char * msg, unsigned long msglen, unsigned char * sig, unsigned long * siglen, const curve25519_key * private_key)",1.0967742,0.09677419,1.0,0.0,31,3,3,1,1,1,0,0,false
libtomcrypt\src\pk\ecc\ecc_sign_hash.c,32,"int ecc_sign_hash_ex(const unsigned char * in, unsigned long inlen, unsigned char * out, unsigned long * outlen, prng_state * prng, int wprng, ecc_signature_type sigformat, int * recid, const ecc_key * key)",1.0952381,0.0952381,1.0,0.0,126,12,12,1,1,1,0,0,false
libtomcrypt\src\mac\pmac\pmac_memory.c,29,"int pmac_memory(int cipher, const unsigned char * key, unsigned long keylen, const unsigned char * in, unsigned long inlen, unsigned char * out, unsigned long * outlen)",1.09375,0.09375,1.0,0.0,32,3,3,1,1,1,0,0,false
libtomcrypt\src\encauth\eax\eax_encrypt_authenticate_memory.c,34,"int eax_encrypt_authenticate_memory(int cipher, const unsigned char * key, unsigned long keylen, const unsigned char * nonce, unsigned long noncelen, const unsigned char * header, unsigned long headerlen, const unsigned char * pt, unsigned long ptlen, unsigned char * ct, unsigned char * tag, unsigned long * taglen)",1.0909091,0.09090909,1.0,0.0,33,3,3,1,1,1,0,0,false
libtomcrypt\src\encauth\ocb\ocb_done_decrypt.c,29,"int ocb_done_decrypt(ocb_state * ocb, const unsigned char * ct, unsigned long ctlen, unsigned char * pt, const unsigned char * tag, unsigned long taglen, int * stat)",1.0909091,0.09090909,1.0,0.0,33,3,3,1,1,1,0,0,false
libtomcrypt\src\hashes\helper\hash_memory.c,26,"int hash_memory(int hash, const unsigned char * in, unsigned long inlen, unsigned char * out, unsigned long * outlen)",1.0909091,0.09090909,1.0,0.0,33,3,3,1,1,1,0,0,false
libtomcrypt\src\mac\f9\f9_done.c,24,"int f9_done(f9_state * f9, unsigned char * out, unsigned long * outlen)",1.0909091,0.09090909,1.0,0.0,33,3,3,1,1,1,0,0,false
libtomcrypt\src\mac\xcbc\xcbc_done.c,24,"int xcbc_done(xcbc_state * xcbc, unsigned char * out, unsigned long * outlen)",1.0909091,0.09090909,1.0,0.0,33,3,3,1,1,1,0,0,false
libtomcrypt\src\mac\hmac\hmac_done.c,27,"int hmac_done(hmac_state * hmac, unsigned char * out, unsigned long * outlen)",1.0892857,0.08928572,1.0,0.0,56,5,5,1,1,1,0,0,false
libtomcrypt\demos\timing.c,826,static void time_dh(void) #1,1.0882353,0.0882353,1.0,0.0,34,3,3,1,1,1,0,1,false
libtomcrypt\src\encauth\ocb3\ocb3_encrypt_authenticate_memory.c,34,"int ocb3_encrypt_authenticate_memory(int cipher, const unsigned char * key, unsigned long keylen, const unsigned char * nonce, unsigned long noncelen, const unsigned char * adata, unsigned long adatalen, const unsigned char * pt, unsigned long ptlen, unsigned char * ct, unsigned char * tag, unsigned long * taglen)",1.0882353,0.0882353,1.0,0.0,34,3,3,1,1,1,0,0,false
libtomcrypt\src\mac\pmac\pmac_done.c,18,"int pmac_done(pmac_state * pmac, unsigned char * out, unsigned long * outlen)",1.0857143,0.08571429,1.0,0.0,35,3,3,1,1,1,0,0,false
libtomcrypt\src\encauth\ocb3\ocb3_decrypt.c,26,"int ocb3_decrypt(ocb3_state * ocb, const unsigned char * ct, unsigned long ctlen, unsigned char * pt)",1.0789473,0.078947365,1.0,0.0,38,3,3,1,1,1,0,0,false
libtomcrypt\src\encauth\ocb3\ocb3_encrypt.c,26,"int ocb3_encrypt(ocb3_state * ocb, const unsigned char * pt, unsigned long ptlen, unsigned char * ct)",1.0789473,0.078947365,1.0,0.0,38,3,3,1,1,1,0,0,false
libtomcrypt\src\encauth\ocb\ocb_encrypt_authenticate_memory.c,31,"int ocb_encrypt_authenticate_memory(int cipher, const unsigned char * key, unsigned long keylen, const unsigned char * nonce, const unsigned char * pt, unsigned long ptlen, unsigned char * ct, unsigned char * tag, unsigned long * taglen)",1.0789473,0.078947365,1.0,0.0,38,3,3,1,1,1,0,0,false
libtomcrypt\src\mac\hmac\hmac_memory.c,29,"int hmac_memory(int hash, const unsigned char * key, unsigned long keylen, const unsigned char * in, unsigned long inlen, unsigned char * out, unsigned long * outlen)",1.0789473,0.078947365,1.0,0.0,38,3,3,1,1,1,0,0,false
libtomcrypt\src\mac\omac\omac_memory.c,29,"int omac_memory(int cipher, const unsigned char * key, unsigned long keylen, const unsigned char * in, unsigned long inlen, unsigned char * out, unsigned long * outlen)",1.0789473,0.078947365,1.0,0.0,38,3,3,1,1,1,0,0,false
libtomcrypt\src\ciphers\rc2.c,69,"int rc2_setup_ex(const unsigned char * key, int keylen, int bits, int num_rounds, symmetric_key * skey)",1.0769231,0.07692308,1.0,0.0,39,3,3,1,1,1,0,0,false
libtomcrypt\src\encauth\ocb\ocb_decrypt_verify_memory.c,32,"int ocb_decrypt_verify_memory(int cipher, const unsigned char * key, unsigned long keylen, const unsigned char * nonce, const unsigned char * ct, unsigned long ctlen, unsigned char * pt, const unsigned char * tag, unsigned long taglen, int * stat)",1.0769231,0.07692308,1.0,0.0,39,3,3,1,1,1,0,0,false
libtomcrypt\src\encauth\ocb\s_ocb_done.c,37,"int s_ocb_done(ocb_state * ocb, const unsigned char * pt, unsigned long ptlen, unsigned char * ct, unsigned char * tag, unsigned long * taglen, int mode)",1.0769231,0.07692308,1.0,0.0,78,6,6,1,1,1,0,0,false
libtomcrypt\src\mac\omac\omac_done.c,25,"int omac_done(omac_state * omac, unsigned char * out, unsigned long * outlen)",1.0769231,0.07692308,1.0,0.0,39,3,3,1,1,1,0,0,false
libtomcrypt\src\encauth\eax\eax_decrypt_verify_memory.c,35,"int eax_decrypt_verify_memory(int cipher, const unsigned char * key, unsigned long keylen, const unsigned char * nonce, unsigned long noncelen, const unsigned char * header, unsigned long headerlen, const unsigned char * ct, unsigned long ctlen, unsigned char * pt, const unsigned char * tag, unsigned long taglen, int * stat)",1.074074,0.074074075,1.0,0.0,54,4,4,1,1,1,0,0,false
libtomcrypt\src\misc\padding\padding_depad.c,23,"int padding_depad(const unsigned char * data, unsigned long * length, unsigned long mode)",1.074074,0.074074075,1.0,0.0,54,4,4,1,1,1,0,0,false
libtomcrypt\src\ciphers\blowfish.c,375,"int blowfish_expand(const unsigned char * key, int keylen, const unsigned char * data, int datalen, symmetric_key * skey)",1.0731708,0.07317073,1.0,0.0,41,3,3,1,1,1,0,0,false
libtomcrypt\src\pk\pkcs1\pkcs_1_mgf1.c,27,"int pkcs_1_mgf1(int hash_idx, const unsigned char * seed, unsigned long seedlen, unsigned char * mask, unsigned long masklen)",1.0714285,0.071428575,1.0,0.0,56,4,4,1,1,1,0,0,false
libtomcrypt\src\math\rand_prime.c,20,"int rand_prime(void * N, long len, prng_state * prng, int wprng)",1.0697675,0.069767445,1.0,0.0,43,3,3,1,1,1,0,0,false
libtomcrypt\src\prngs\fortuna.c,373,"unsigned long fortuna_read(unsigned char * out, unsigned long outlen, prng_state * prng)",1.0697675,0.069767445,1.0,0.0,43,3,3,1,1,1,0,0,false
libtomcrypt\src\encauth\ocb3\ocb3_encrypt_last.c,26,"int ocb3_encrypt_last(ocb3_state * ocb, const unsigned char * pt, unsigned long ptlen, unsigned char * ct)",1.0689656,0.06896552,1.0,0.0,58,4,4,1,1,1,0,0,false
libtomcrypt\tests\der_test.c,418,static void der_cacert_test(void),1.0684931,0.06849315,1.0,0.0,73,5,5,1,1,1,0,0,false
libtomcrypt\src\encauth\ocb3\ocb3_decrypt_last.c,26,"int ocb3_decrypt_last(ocb3_state * ocb, const unsigned char * ct, unsigned long ctlen, unsigned char * pt)",1.0677966,0.06779661,1.0,0.0,59,4,4,1,1,1,0,0,false
libtomcrypt\src\encauth\chachapoly\chacha20poly1305_memory.c,30,"int chacha20poly1305_memory(const unsigned char * key, unsigned long keylen, const unsigned char * iv, unsigned long ivlen, const unsigned char * aad, unsigned long aadlen, const unsigned char * in, unsigned long inlen, unsigned char * out, unsigned char * tag, unsigned long * taglen, int direction)",1.0666667,0.06666667,1.0,0.0,45,3,3,1,1,1,0,0,false
libtomcrypt\src\mac\f9\f9_memory_multi.c,31,"int f9_memory_multi(int cipher, const unsigned char * key, unsigned long keylen, unsigned char * out, unsigned long * outlen, const unsigned char * in, unsigned long inlen, ...)",1.0666667,0.06666667,1.0,0.0,45,3,3,1,1,1,0,0,false
libtomcrypt\src\mac\hmac\hmac_memory_multi.c,31,"int hmac_memory_multi(int hash, const unsigned char * key, unsigned long keylen, unsigned char * out, unsigned long * outlen, const unsigned char * in, unsigned long inlen, ...)",1.0666667,0.06666667,1.0,0.0,45,3,3,1,1,1,0,0,false
libtomcrypt\src\mac\omac\omac_memory_multi.c,31,"int omac_memory_multi(int cipher, const unsigned char * key, unsigned long keylen, unsigned char * out, unsigned long * outlen, const unsigned char * in, unsigned long inlen, ...)",1.0666667,0.06666667,1.0,0.0,45,3,3,1,1,1,0,0,false
libtomcrypt\src\mac\pmac\pmac_memory_multi.c,31,"int pmac_memory_multi(int cipher, const unsigned char * key, unsigned long keylen, unsigned char * out, unsigned long * outlen, const unsigned char * in, unsigned long inlen, ...)",1.0666667,0.06666667,1.0,0.0,45,3,3,1,1,1,0,0,false
libtomcrypt\src\mac\xcbc\xcbc_memory_multi.c,31,"int xcbc_memory_multi(int cipher, const unsigned char * key, unsigned long keylen, unsigned char * out, unsigned long * outlen, const unsigned char * in, unsigned long inlen, ...)",1.0666667,0.06666667,1.0,0.0,45,3,3,1,1,1,0,0,false
libtomcrypt\src\stream\salsa20\xsalsa20_setup.c,60,"int xsalsa20_setup(salsa20_state * st, const unsigned char * key, unsigned long keylen, const unsigned char * nonce, unsigned long noncelen, int rounds)",1.0666667,0.06666667,1.0,0.0,60,4,4,1,1,1,0,0,false
libtomcrypt\src\pk\ecc\ecc_encrypt_key.c,31,"int ecc_encrypt_key(const unsigned char * in, unsigned long inlen, unsigned char * out, unsigned long * outlen, prng_state * prng, int wprng, int hash, const ecc_key * key)",1.0649351,0.064935066,1.0,0.0,77,5,5,1,1,1,0,0,false
libtomcrypt\src\prngs\rng_make_prng.c,30,"int rng_make_prng(int bits, int wprng, prng_state * prng, void( * callback)(void))",1.0638298,0.06382979,1.0,0.0,47,3,3,1,1,1,0,0,false
libtomcrypt\src\hashes\helper\hash_memory_multi.c,28,"int hash_memory_multi(int hash, unsigned char * out, unsigned long * outlen, const unsigned char * in, unsigned long inlen, ...)",1.0625,0.0625,1.0,0.0,48,3,3,1,1,1,0,0,false
libtomcrypt\src\stream\rabbit\rabbit.c,153,"int rabbit_setup(rabbit_state * st, const unsigned char * key, unsigned long keylen)",1.0625,0.0625,1.0,0.0,48,3,3,1,1,1,0,0,false
libtomcrypt\src\pk\ecc\ecc_decrypt_key.c,28,"int ecc_decrypt_key(const unsigned char * in, unsigned long inlen, unsigned char * out, unsigned long * outlen, const ecc_key * key)",1.060241,0.060240965,1.0,0.0,83,5,5,1,1,1,0,0,false
libtomcrypt\src\pk\pkcs1\pkcs_1_pss_decode.c,30,"int pkcs_1_pss_decode(const unsigned char * msghash, unsigned long msghashlen, const unsigned char * sig, unsigned long siglen, unsigned long saltlen, int hash_idx, unsigned long modulus_bitlen, int * res)",1.0582525,0.058252428,1.0,0.0,103,6,6,1,1,1,0,0,false
libtomcrypt\src\pk\dsa\dsa_encrypt_key.c,30,"int dsa_encrypt_key(const unsigned char * in, unsigned long inlen, unsigned char * out, unsigned long * outlen, prng_state * prng, int wprng, int hash, const dsa_key * key)",1.057971,0.057971016,1.0,0.0,69,4,4,1,1,1,0,0,false
libtomcrypt\src\mac\hmac\hmac_init.c,28,"int hmac_init(hmac_state * hmac, int hash, const unsigned char * key, unsigned long keylen)",1.0576923,0.057692308,1.0,0.0,52,3,3,1,1,1,0,0,false
libtomcrypt\src\pk\dsa\dsa_sign_hash.c,29,"int dsa_sign_hash_raw(const unsigned char * in, unsigned long inlen, void * r, void * s, prng_state * prng, int wprng, const dsa_key * key)",1.0576923,0.057692308,1.0,0.0,52,3,3,1,1,1,0,0,false
libtomcrypt\src\pk\pkcs1\pkcs_1_pss_encode.c,31,"int pkcs_1_pss_encode(const unsigned char * msghash, unsigned long msghashlen, unsigned long saltlen, prng_state * prng, int prng_idx, int hash_idx, unsigned long modulus_bitlen, unsigned char * out, unsigned long * outlen)",1.0576923,0.057692308,1.0,0.0,104,6,6,1,1,1,0,0,false
libtomcrypt\src\ciphers\safer\saferp.c,341,"int saferp_ecb_encrypt(const unsigned char * pt, unsigned char * ct, const symmetric_key * skey)",1.0555556,0.055555556,1.0,0.0,54,3,3,1,1,1,0,0,false
libtomcrypt\src\ciphers\safer\saferp.c,409,"int saferp_ecb_decrypt(const unsigned char * ct, unsigned char * pt, const symmetric_key * skey)",1.0555556,0.055555556,1.0,0.0,54,3,3,1,1,1,0,0,false
libtomcrypt\src\encauth\ocb3\ocb3_decrypt_verify_memory.c,35,"int ocb3_decrypt_verify_memory(int cipher, const unsigned char * key, unsigned long keylen, const unsigned char * nonce, unsigned long noncelen, const unsigned char * adata, unsigned long adatalen, const unsigned char * ct, unsigned long ctlen, unsigned char * pt, const unsigned char * tag, unsigned long taglen, int * stat)",1.0555556,0.055555556,1.0,0.0,54,3,3,1,1,1,0,0,false
libtomcrypt\src\pk\ec25519\ec25519_import_pkcs8.c,27,"int ec25519_import_pkcs8(const unsigned char * in, unsigned long inlen, const void * pwd, unsigned long pwdlen, enum ltc_oid_id id, sk_to_pk fp, curve25519_key * key)",1.0555556,0.055555556,1.0,0.0,54,3,3,1,1,1,0,0,false
libtomcrypt\src\misc\pkcs5\pkcs_5_2.c,29,"int pkcs_5_alg2(const unsigned char * password, unsigned long password_len, const unsigned char * salt, unsigned long salt_len, int iteration_count, int hash_idx, unsigned char * out, unsigned long * outlen)",1.054054,0.054054055,1.0,0.0,74,4,4,1,1,1,0,0,false
libtomcrypt\src\pk\pkcs1\pkcs_1_oaep_encode.c,32,"int pkcs_1_oaep_encode(const unsigned char * msg, unsigned long msglen, const unsigned char * lparam, unsigned long lparamlen, unsigned long modulus_bitlen, prng_state * prng, int prng_idx, int hash_idx, unsigned char * out, unsigned long * outlen)",1.0526316,0.05263158,1.0,0.0,95,5,5,1,1,1,0,0,false
libtomcrypt\src\pk\pkcs1\pkcs_1_oaep_decode.c,31,"int pkcs_1_oaep_decode(const unsigned char * msg, unsigned long msglen, const unsigned char * lparam, unsigned long lparamlen, unsigned long modulus_bitlen, int hash_idx, unsigned char * out, unsigned long * outlen, int * res)",1.0520834,0.052083332,1.0,0.0,96,5,5,1,1,1,0,0,false
libtomcrypt\src\encauth\eax\eax_init.c,30,"int eax_init(eax_state * eax, int cipher, const unsigned char * key, unsigned long keylen, const unsigned char * nonce, unsigned long noncelen, const unsigned char * header, unsigned long headerlen)",1.051282,0.051282052,1.0,0.0,78,4,4,1,1,1,0,0,false
libtomcrypt\src\pk\dsa\dsa_decrypt_key.c,27,"int dsa_decrypt_key(const unsigned char * in, unsigned long inlen, unsigned char * out, unsigned long * outlen, const dsa_key * key)",1.050633,0.050632913,1.0,0.0,79,4,4,1,1,1,0,0,false
libtomcrypt\src\misc\pkcs5\pkcs_5_1.c,38,"static int _pkcs_5_alg1_common(const unsigned char * password, unsigned long password_len, const unsigned char * salt, int iteration_count, int hash_idx, unsigned char * out, unsigned long * outlen, int openssl_compat)",1.0487804,0.048780486,1.0,0.0,82,4,4,1,1,1,0,0,false
libtomcrypt\src\pk\asn1\der\set\der_encode_setof.c,59,"int der_encode_setof(const ltc_asn1_list * list, unsigned long inlen, unsigned char * out, unsigned long * outlen)",1.0476191,0.04761905,1.0,0.0,63,3,3,1,1,1,0,0,false
libtomcrypt\src\misc\bcrypt\bcrypt.c,81,"int bcrypt_pbkdf_openbsd(const void * secret, unsigned long secret_len, const unsigned char * salt, unsigned long salt_len, unsigned int rounds, int hash_idx, unsigned char * out, unsigned long * outlen)",1.0425532,0.04255319,1.0,0.0,94,4,4,1,1,1,0,0,false
libtomcrypt\src\ciphers\safer\saferp.c,223,"int saferp_setup(const unsigned char * key, int keylen, int num_rounds, symmetric_key * skey)",1.0379747,0.03797468,1.0,0.0,79,3,3,1,1,1,0,0,false
libtomcrypt\src\pk\ecc\ltc_ecc_mul2add.c,31,"int ltc_ecc_mul2add(const ecc_point * A, void * kA, const ecc_point * B, void * kB, ecc_point * C, void * ma, void * modulus)",1.0333333,0.033333335,1.0,0.0,120,4,4,1,1,1,0,0,false
